Year,Zone,Sex,Age Group,Population,Prevalence,Crude Prevalence Rate
01/01/2000 12:00:00 AM,Central,F,0 to 9,"20,520","2,229",10.86
01/01/2000 12:00:00 AM,Central,F,10 to 19,"23,171","2,883",12.44
01/01/2000 12:00:00 AM,Central,F,20 to 29,"23,475","2,103",8.96
01/01/2000 12:00:00 AM,Central,F,30 to 39,"29,410","1,995",6.78
01/01/2000 12:00:00 AM,Central,F,40 to 49,"29,328","2,151",7.33
01/01/2000 12:00:00 AM,Central,F,50 to 59,"21,582","1,722",7.98
01/01/2000 12:00:00 AM,Central,F,60 to 69,"13,577",966,7.11
01/01/2000 12:00:00 AM,Central,F,70 to 79,"11,175",764,6.84
01/01/2000 12:00:00 AM,Central,F,80 +,"7,973",434,5.44
01/01/2000 12:00:00 AM,Central,M,0 to 9,"21,025","3,130",14.89
01/01/2000 12:00:00 AM,Central,M,10 to 19,"24,205","3,563",14.72
01/01/2000 12:00:00 AM,Central,M,20 to 29,"22,118","1,177",5.32
01/01/2000 12:00:00 AM,Central,M,30 to 39,"26,849",996,3.71
01/01/2000 12:00:00 AM,Central,M,40 to 49,"27,221",970,3.56
01/01/2000 12:00:00 AM,Central,M,50 to 59,"20,608",760,3.69
01/01/2000 12:00:00 AM,Central,M,60 to 69,"12,718",550,4.32
01/01/2000 12:00:00 AM,Central,M,70 to 79,"8,289",374,4.51
01/01/2000 12:00:00 AM,Central,M,80 +,"3,798",183,4.82
01/01/2000 12:00:00 AM,Eastern,F,0 to 9,"7,937",828,10.43
01/01/2000 12:00:00 AM,Eastern,F,10 to 19,"8,077",772,9.56
01/01/2000 12:00:00 AM,Eastern,F,20 to 29,"8,569",531,6.2
01/01/2000 12:00:00 AM,Eastern,F,30 to 39,"11,131",502,4.51
01/01/2000 12:00:00 AM,Eastern,F,40 to 49,"13,870",672,4.84
01/01/2000 12:00:00 AM,Eastern,F,50 to 59,"11,414",631,5.53
01/01/2000 12:00:00 AM,Eastern,F,60 to 69,"7,950",428,5.38
01/01/2000 12:00:00 AM,Eastern,F,70 to 79,"6,336",319,5.03
01/01/2000 12:00:00 AM,Eastern,F,80 +,"5,273",235,4.46
01/01/2000 12:00:00 AM,Eastern,M,0 to 9,"8,385","1,203",14.35
01/01/2000 12:00:00 AM,Eastern,M,10 to 19,"8,791","1,047",11.91
01/01/2000 12:00:00 AM,Eastern,M,20 to 29,"8,517",344,4.04
01/01/2000 12:00:00 AM,Eastern,M,30 to 39,"10,854",272,2.51
01/01/2000 12:00:00 AM,Eastern,M,40 to 49,"13,629",350,2.57
01/01/2000 12:00:00 AM,Eastern,M,50 to 59,"11,828",317,2.68
01/01/2000 12:00:00 AM,Eastern,M,60 to 69,"7,718",252,3.27
01/01/2000 12:00:00 AM,Eastern,M,70 to 79,"5,072",197,3.88
01/01/2000 12:00:00 AM,Eastern,M,80 +,"2,706",101,3.73
01/01/2000 12:00:00 AM,Northern,F,0 to 9,"7,445",700,9.4
01/01/2000 12:00:00 AM,Northern,F,10 to 19,"7,639",811,10.62
01/01/2000 12:00:00 AM,Northern,F,20 to 29,"8,460",636,7.52
01/01/2000 12:00:00 AM,Northern,F,30 to 39,"10,816",598,5.53
01/01/2000 12:00:00 AM,Northern,F,40 to 49,"12,084",701,5.8
01/01/2000 12:00:00 AM,Northern,F,50 to 59,"9,758",610,6.25
01/01/2000 12:00:00 AM,Northern,F,60 to 69,"6,507",388,5.96
01/01/2000 12:00:00 AM,Northern,F,70 to 79,"5,545",285,5.14
01/01/2000 12:00:00 AM,Northern,F,80 +,"4,436",212,4.78
01/01/2000 12:00:00 AM,Northern,M,0 to 9,"8,156","1,118",13.71
01/01/2000 12:00:00 AM,Northern,M,10 to 19,"8,081",932,11.53
01/01/2000 12:00:00 AM,Northern,M,20 to 29,"8,313",367,4.41
01/01/2000 12:00:00 AM,Northern,M,30 to 39,"10,497",319,3.04
01/01/2000 12:00:00 AM,Northern,M,40 to 49,"11,934",349,2.92
01/01/2000 12:00:00 AM,Northern,M,50 to 59,"10,018",284,2.83
01/01/2000 12:00:00 AM,Northern,M,60 to 69,"6,371",217,3.41
01/01/2000 12:00:00 AM,Northern,M,70 to 79,"4,332",185,4.27
01/01/2000 12:00:00 AM,Northern,M,80 +,"2,220",100,4.5
01/01/2000 12:00:00 AM,Unknown,F,0 to 9,"8,833",801,9.07
01/01/2000 12:00:00 AM,Unknown,F,10 to 19,"14,243","1,472",10.33
01/01/2000 12:00:00 AM,Unknown,F,20 to 29,"12,660",828,6.54
01/01/2000 12:00:00 AM,Unknown,F,30 to 39,"10,151",530,5.22
01/01/2000 12:00:00 AM,Unknown,F,40 to 49,"7,285",409,5.61
01/01/2000 12:00:00 AM,Unknown,F,50 to 59,"4,797",274,5.71
01/01/2000 12:00:00 AM,Unknown,F,60 to 69,"2,886",161,5.58
01/01/2000 12:00:00 AM,Unknown,F,70 to 79,"2,244",122,5.44
01/01/2000 12:00:00 AM,Unknown,F,80 +,"1,639",67,4.09
01/01/2000 12:00:00 AM,Unknown,M,0 to 9,"8,586","1,144",13.32
01/01/2000 12:00:00 AM,Unknown,M,10 to 19,"14,489","1,684",11.62
01/01/2000 12:00:00 AM,Unknown,M,20 to 29,"12,458",545,4.37
01/01/2000 12:00:00 AM,Unknown,M,30 to 39,"9,211",239,2.59
01/01/2000 12:00:00 AM,Unknown,M,40 to 49,"6,814",176,2.58
01/01/2000 12:00:00 AM,Unknown,M,50 to 59,"4,584",131,2.86
01/01/2000 12:00:00 AM,Unknown,M,60 to 69,"2,738",111,4.05
01/01/2000 12:00:00 AM,Unknown,M,70 to 79,"1,606",57,3.55
01/01/2000 12:00:00 AM,Unknown,M,80 +,805,36,4.47
01/01/2000 12:00:00 AM,Western,F,0 to 9,"9,158",836,9.13
01/01/2000 12:00:00 AM,Western,F,10 to 19,"9,597",997,10.39
01/01/2000 12:00:00 AM,Western,F,20 to 29,"10,324",768,7.44
01/01/2000 12:00:00 AM,Western,F,30 to 39,"14,307",859,6
01/01/2000 12:00:00 AM,Western,F,40 to 49,"16,498",938,5.69
01/01/2000 12:00:00 AM,Western,F,50 to 59,"13,854",847,6.11
01/01/2000 12:00:00 AM,Western,F,60 to 69,"9,392",556,5.92
01/01/2000 12:00:00 AM,Western,F,70 to 79,"7,542",438,5.81
01/01/2000 12:00:00 AM,Western,F,80 +,"6,034",258,4.28
01/01/2000 12:00:00 AM,Western,M,0 to 9,"9,998","1,296",12.96
01/01/2000 12:00:00 AM,Western,M,10 to 19,"10,073","1,170",11.62
01/01/2000 12:00:00 AM,Western,M,20 to 29,"10,216",409,4
01/01/2000 12:00:00 AM,Western,M,30 to 39,"13,831",457,3.3
01/01/2000 12:00:00 AM,Western,M,40 to 49,"15,993",482,3.01
01/01/2000 12:00:00 AM,Western,M,50 to 59,"13,771",446,3.24
01/01/2000 12:00:00 AM,Western,M,60 to 69,"9,321",340,3.65
01/01/2000 12:00:00 AM,Western,M,70 to 79,"6,367",286,4.49
01/01/2000 12:00:00 AM,Western,M,80 +,"3,440",153,4.45
01/01/2001 12:00:00 AM,Central,F,0 to 9,"20,080","2,173",10.82
01/01/2001 12:00:00 AM,Central,F,10 to 19,"23,519","3,225",13.71
01/01/2001 12:00:00 AM,Central,F,20 to 29,"23,533","2,304",9.79
01/01/2001 12:00:00 AM,Central,F,30 to 39,"29,177","2,191",7.51
01/01/2001 12:00:00 AM,Central,F,40 to 49,"30,288","2,453",8.1
01/01/2001 12:00:00 AM,Central,F,50 to 59,"22,571","1,964",8.7
01/01/2001 12:00:00 AM,Central,F,60 to 69,"13,941","1,109",7.95
01/01/2001 12:00:00 AM,Central,F,70 to 79,"11,226",841,7.49
01/01/2001 12:00:00 AM,Central,F,80 +,"8,302",488,5.88
01/01/2001 12:00:00 AM,Central,M,0 to 9,"20,697","3,156",15.25
01/01/2001 12:00:00 AM,Central,M,10 to 19,"24,567","4,044",16.46
01/01/2001 12:00:00 AM,Central,M,20 to 29,"22,276","1,395",6.26
01/01/2001 12:00:00 AM,Central,M,30 to 39,"26,681","1,099",4.12
01/01/2001 12:00:00 AM,Central,M,40 to 49,"28,299","1,132",4
01/01/2001 12:00:00 AM,Central,M,50 to 59,"21,391",882,4.12
01/01/2001 12:00:00 AM,Central,M,60 to 69,"13,065",600,4.59
01/01/2001 12:00:00 AM,Central,M,70 to 79,"8,454",424,5.02
01/01/2001 12:00:00 AM,Central,M,80 +,"4,085",201,4.92
01/01/2001 12:00:00 AM,Eastern,F,0 to 9,"7,900",815,10.32
01/01/2001 12:00:00 AM,Eastern,F,10 to 19,"8,044",901,11.2
01/01/2001 12:00:00 AM,Eastern,F,20 to 29,"8,406",581,6.91
01/01/2001 12:00:00 AM,Eastern,F,30 to 39,"10,821",539,4.98
01/01/2001 12:00:00 AM,Eastern,F,40 to 49,"13,904",732,5.26
01/01/2001 12:00:00 AM,Eastern,F,50 to 59,"11,806",740,6.27
01/01/2001 12:00:00 AM,Eastern,F,60 to 69,"8,076",457,5.66
01/01/2001 12:00:00 AM,Eastern,F,70 to 79,"6,309",346,5.48
01/01/2001 12:00:00 AM,Eastern,F,80 +,"5,382",259,4.81
01/01/2001 12:00:00 AM,Eastern,M,0 to 9,"8,269","1,214",14.68
01/01/2001 12:00:00 AM,Eastern,M,10 to 19,"8,846","1,217",13.76
01/01/2001 12:00:00 AM,Eastern,M,20 to 29,"8,334",397,4.76
01/01/2001 12:00:00 AM,Eastern,M,30 to 39,"10,551",292,2.77
01/01/2001 12:00:00 AM,Eastern,M,40 to 49,"13,608",376,2.76
01/01/2001 12:00:00 AM,Eastern,M,50 to 59,"12,161",374,3.08
01/01/2001 12:00:00 AM,Eastern,M,60 to 69,"7,872",266,3.38
01/01/2001 12:00:00 AM,Eastern,M,70 to 79,"5,139",224,4.36
01/01/2001 12:00:00 AM,Eastern,M,80 +,"2,734",108,3.95
01/01/2001 12:00:00 AM,Northern,F,0 to 9,"7,445",696,9.35
01/01/2001 12:00:00 AM,Northern,F,10 to 19,"7,629",905,11.86
01/01/2001 12:00:00 AM,Northern,F,20 to 29,"8,286",708,8.54
01/01/2001 12:00:00 AM,Northern,F,30 to 39,"10,577",656,6.2
01/01/2001 12:00:00 AM,Northern,F,40 to 49,"12,314",804,6.53
01/01/2001 12:00:00 AM,Northern,F,50 to 59,"10,070",673,6.68
01/01/2001 12:00:00 AM,Northern,F,60 to 69,"6,655",436,6.55
01/01/2001 12:00:00 AM,Northern,F,70 to 79,"5,511",324,5.88
01/01/2001 12:00:00 AM,Northern,F,80 +,"4,554",225,4.94
01/01/2001 12:00:00 AM,Northern,M,0 to 9,"8,114","1,111",13.69
01/01/2001 12:00:00 AM,Northern,M,10 to 19,"8,125","1,089",13.4
01/01/2001 12:00:00 AM,Northern,M,20 to 29,"8,113",409,5.04
01/01/2001 12:00:00 AM,Northern,M,30 to 39,"10,363",346,3.34
01/01/2001 12:00:00 AM,Northern,M,40 to 49,"12,008",395,3.29
01/01/2001 12:00:00 AM,Northern,M,50 to 59,"10,388",332,3.2
01/01/2001 12:00:00 AM,Northern,M,60 to 69,"6,522",218,3.34
01/01/2001 12:00:00 AM,Northern,M,70 to 79,"4,370",190,4.35
01/01/2001 12:00:00 AM,Northern,M,80 +,"2,323",115,4.95
01/01/2001 12:00:00 AM,Unknown,F,0 to 9,"7,809",707,9.05
01/01/2001 12:00:00 AM,Unknown,F,10 to 19,"13,819","1,571",11.37
01/01/2001 12:00:00 AM,Unknown,F,20 to 29,"12,168",884,7.26
01/01/2001 12:00:00 AM,Unknown,F,30 to 39,"9,849",561,5.7
01/01/2001 12:00:00 AM,Unknown,F,40 to 49,"7,224",438,6.06
01/01/2001 12:00:00 AM,Unknown,F,50 to 59,"4,862",312,6.42
01/01/2001 12:00:00 AM,Unknown,F,60 to 69,"2,846",176,6.18
01/01/2001 12:00:00 AM,Unknown,F,70 to 79,"2,208",124,5.62
01/01/2001 12:00:00 AM,Unknown,F,80 +,"1,638",79,4.82
01/01/2001 12:00:00 AM,Unknown,M,0 to 9,"7,752",980,12.64
01/01/2001 12:00:00 AM,Unknown,M,10 to 19,"13,808","1,846",13.37
01/01/2001 12:00:00 AM,Unknown,M,20 to 29,"12,169",574,4.72
01/01/2001 12:00:00 AM,Unknown,M,30 to 39,"9,012",253,2.81
01/01/2001 12:00:00 AM,Unknown,M,40 to 49,"6,831",190,2.78
01/01/2001 12:00:00 AM,Unknown,M,50 to 59,"4,661",138,2.96
01/01/2001 12:00:00 AM,Unknown,M,60 to 69,"2,751",118,4.29
01/01/2001 12:00:00 AM,Unknown,M,70 to 79,"1,565",59,3.77
01/01/2001 12:00:00 AM,Unknown,M,80 +,791,42,5.31
01/01/2001 12:00:00 AM,Western,F,0 to 9,"9,205",822,8.93
01/01/2001 12:00:00 AM,Western,F,10 to 19,"9,577","1,123",11.73
01/01/2001 12:00:00 AM,Western,F,20 to 29,"10,088",845,8.38
01/01/2001 12:00:00 AM,Western,F,30 to 39,"13,901",893,6.42
01/01/2001 12:00:00 AM,Western,F,40 to 49,"16,752","1,052",6.28
01/01/2001 12:00:00 AM,Western,F,50 to 59,"14,302",984,6.88
01/01/2001 12:00:00 AM,Western,F,60 to 69,"9,580",598,6.24
01/01/2001 12:00:00 AM,Western,F,70 to 79,"7,548",475,6.29
01/01/2001 12:00:00 AM,Western,F,80 +,"6,201",300,4.84
01/01/2001 12:00:00 AM,Western,M,0 to 9,"9,901","1,307",13.2
01/01/2001 12:00:00 AM,Western,M,10 to 19,"10,127","1,381",13.64
01/01/2001 12:00:00 AM,Western,M,20 to 29,"10,038",460,4.58
01/01/2001 12:00:00 AM,Western,M,30 to 39,"13,346",501,3.75
01/01/2001 12:00:00 AM,Western,M,40 to 49,"16,202",541,3.34
01/01/2001 12:00:00 AM,Western,M,50 to 59,"14,237",509,3.58
01/01/2001 12:00:00 AM,Western,M,60 to 69,"9,581",390,4.07
01/01/2001 12:00:00 AM,Western,M,70 to 79,"6,431",288,4.48
01/01/2001 12:00:00 AM,Western,M,80 +,"3,524",184,5.22
01/01/2002 12:00:00 AM,Central,F,0 to 9,"19,774","2,109",10.67
01/01/2002 12:00:00 AM,Central,F,10 to 19,"23,672","3,589",15.16
01/01/2002 12:00:00 AM,Central,F,20 to 29,"23,760","2,549",10.73
01/01/2002 12:00:00 AM,Central,F,30 to 39,"28,856","2,333",8.08
01/01/2002 12:00:00 AM,Central,F,40 to 49,"31,289","2,742",8.76
01/01/2002 12:00:00 AM,Central,F,50 to 59,"23,449","2,174",9.27
01/01/2002 12:00:00 AM,Central,F,60 to 69,"14,443","1,296",8.97
01/01/2002 12:00:00 AM,Central,F,70 to 79,"11,242",881,7.84
01/01/2002 12:00:00 AM,Central,F,80 +,"8,555",540,6.31
01/01/2002 12:00:00 AM,Central,M,0 to 9,"20,340","3,099",15.24
01/01/2002 12:00:00 AM,Central,M,10 to 19,"24,795","4,490",18.11
01/01/2002 12:00:00 AM,Central,M,20 to 29,"22,578","1,581",7
01/01/2002 12:00:00 AM,Central,M,30 to 39,"26,319","1,206",4.58
01/01/2002 12:00:00 AM,Central,M,40 to 49,"29,334","1,257",4.29
01/01/2002 12:00:00 AM,Central,M,50 to 59,"22,282","1,010",4.53
01/01/2002 12:00:00 AM,Central,M,60 to 69,"13,524",653,4.83
01/01/2002 12:00:00 AM,Central,M,70 to 79,"8,663",454,5.24
01/01/2002 12:00:00 AM,Central,M,80 +,"4,268",226,5.3
01/01/2002 12:00:00 AM,Eastern,F,0 to 9,"7,764",797,10.27
01/01/2002 12:00:00 AM,Eastern,F,10 to 19,"8,085","1,000",12.37
01/01/2002 12:00:00 AM,Eastern,F,20 to 29,"8,278",635,7.67
01/01/2002 12:00:00 AM,Eastern,F,30 to 39,"10,419",581,5.58
01/01/2002 12:00:00 AM,Eastern,F,40 to 49,"13,969",766,5.48
01/01/2002 12:00:00 AM,Eastern,F,50 to 59,"12,189",808,6.63
01/01/2002 12:00:00 AM,Eastern,F,60 to 69,"8,274",511,6.18
01/01/2002 12:00:00 AM,Eastern,F,70 to 79,"6,318",375,5.94
01/01/2002 12:00:00 AM,Eastern,F,80 +,"5,448",272,4.99
01/01/2002 12:00:00 AM,Eastern,M,0 to 9,"8,166","1,186",14.52
01/01/2002 12:00:00 AM,Eastern,M,10 to 19,"8,849","1,409",15.92
01/01/2002 12:00:00 AM,Eastern,M,20 to 29,"8,302",458,5.52
01/01/2002 12:00:00 AM,Eastern,M,30 to 39,"10,177",304,2.99
01/01/2002 12:00:00 AM,Eastern,M,40 to 49,"13,537",425,3.14
01/01/2002 12:00:00 AM,Eastern,M,50 to 59,"12,528",394,3.14
01/01/2002 12:00:00 AM,Eastern,M,60 to 69,"8,112",302,3.72
01/01/2002 12:00:00 AM,Eastern,M,70 to 79,"5,208",226,4.34
01/01/2002 12:00:00 AM,Eastern,M,80 +,"2,738",115,4.2
01/01/2002 12:00:00 AM,Northern,F,0 to 9,"7,393",701,9.48
01/01/2002 12:00:00 AM,Northern,F,10 to 19,"7,657","1,002",13.09
01/01/2002 12:00:00 AM,Northern,F,20 to 29,"8,154",747,9.16
01/01/2002 12:00:00 AM,Northern,F,30 to 39,"10,312",726,7.04
01/01/2002 12:00:00 AM,Northern,F,40 to 49,"12,446",883,7.09
01/01/2002 12:00:00 AM,Northern,F,50 to 59,"10,377",770,7.42
01/01/2002 12:00:00 AM,Northern,F,60 to 69,"6,888",487,7.07
01/01/2002 12:00:00 AM,Northern,F,70 to 79,"5,522",356,6.45
01/01/2002 12:00:00 AM,Northern,F,80 +,"4,608",237,5.14
01/01/2002 12:00:00 AM,Northern,M,0 to 9,"8,015","1,115",13.91
01/01/2002 12:00:00 AM,Northern,M,10 to 19,"8,181","1,235",15.1
01/01/2002 12:00:00 AM,Northern,M,20 to 29,"7,968",453,5.69
01/01/2002 12:00:00 AM,Northern,M,30 to 39,"10,194",355,3.48
01/01/2002 12:00:00 AM,Northern,M,40 to 49,"12,069",460,3.81
01/01/2002 12:00:00 AM,Northern,M,50 to 59,"10,630",359,3.38
01/01/2002 12:00:00 AM,Northern,M,60 to 69,"6,819",249,3.65
01/01/2002 12:00:00 AM,Northern,M,70 to 79,"4,435",198,4.46
01/01/2002 12:00:00 AM,Northern,M,80 +,"2,382",110,4.62
01/01/2002 12:00:00 AM,Unknown,F,0 to 9,"7,076",631,8.92
01/01/2002 12:00:00 AM,Unknown,F,10 to 19,"13,291","1,643",12.36
01/01/2002 12:00:00 AM,Unknown,F,20 to 29,"11,948",924,7.73
01/01/2002 12:00:00 AM,Unknown,F,30 to 39,"9,497",559,5.89
01/01/2002 12:00:00 AM,Unknown,F,40 to 49,"7,259",464,6.39
01/01/2002 12:00:00 AM,Unknown,F,50 to 59,"4,964",341,6.87
01/01/2002 12:00:00 AM,Unknown,F,60 to 69,"2,895",189,6.53
01/01/2002 12:00:00 AM,Unknown,F,70 to 79,"2,091",113,5.4
01/01/2002 12:00:00 AM,Unknown,F,80 +,"1,647",91,5.53
01/01/2002 12:00:00 AM,Unknown,M,0 to 9,"6,947",844,12.15
01/01/2002 12:00:00 AM,Unknown,M,10 to 19,"13,173","1,912",14.51
01/01/2002 12:00:00 AM,Unknown,M,20 to 29,"11,909",662,5.56
01/01/2002 12:00:00 AM,Unknown,M,30 to 39,"8,812",267,3.03
01/01/2002 12:00:00 AM,Unknown,M,40 to 49,"6,876",216,3.14
01/01/2002 12:00:00 AM,Unknown,M,50 to 59,"4,662",139,2.98
01/01/2002 12:00:00 AM,Unknown,M,60 to 69,"2,790",125,4.48
01/01/2002 12:00:00 AM,Unknown,M,70 to 79,"1,547",66,4.27
01/01/2002 12:00:00 AM,Unknown,M,80 +,808,38,4.7
01/01/2002 12:00:00 AM,Western,F,0 to 9,"9,105",800,8.79
01/01/2002 12:00:00 AM,Western,F,10 to 19,"9,606","1,250",13.01
01/01/2002 12:00:00 AM,Western,F,20 to 29,"9,945",929,9.34
01/01/2002 12:00:00 AM,Western,F,30 to 39,"13,432",950,7.07
01/01/2002 12:00:00 AM,Western,F,40 to 49,"16,952","1,172",6.91
01/01/2002 12:00:00 AM,Western,F,50 to 59,"14,674","1,098",7.48
01/01/2002 12:00:00 AM,Western,F,60 to 69,"9,925",678,6.83
01/01/2002 12:00:00 AM,Western,F,70 to 79,"7,587",512,6.75
01/01/2002 12:00:00 AM,Western,F,80 +,"6,292",336,5.34
01/01/2002 12:00:00 AM,Western,M,0 to 9,"9,779","1,278",13.07
01/01/2002 12:00:00 AM,Western,M,10 to 19,"10,217","1,591",15.57
01/01/2002 12:00:00 AM,Western,M,20 to 29,"9,871",503,5.1
01/01/2002 12:00:00 AM,Western,M,30 to 39,"12,969",532,4.1
01/01/2002 12:00:00 AM,Western,M,40 to 49,"16,389",582,3.55
01/01/2002 12:00:00 AM,Western,M,50 to 59,"14,601",555,3.8
01/01/2002 12:00:00 AM,Western,M,60 to 69,"9,894",435,4.4
01/01/2002 12:00:00 AM,Western,M,70 to 79,"6,480",307,4.74
01/01/2002 12:00:00 AM,Western,M,80 +,"3,627",195,5.38
01/01/2003 12:00:00 AM,Central,F,0 to 9,"19,489","2,002",10.27
01/01/2003 12:00:00 AM,Central,F,10 to 19,"23,903","3,918",16.39
01/01/2003 12:00:00 AM,Central,F,20 to 29,"24,009","2,754",11.47
01/01/2003 12:00:00 AM,Central,F,30 to 39,"28,577","2,456",8.59
01/01/2003 12:00:00 AM,Central,F,40 to 49,"32,038","3,027",9.45
01/01/2003 12:00:00 AM,Central,F,50 to 59,"24,468","2,417",9.88
01/01/2003 12:00:00 AM,Central,F,60 to 69,"14,963","1,424",9.52
01/01/2003 12:00:00 AM,Central,F,70 to 79,"11,307",920,8.14
01/01/2003 12:00:00 AM,Central,F,80 +,"8,796",588,6.68
01/01/2003 12:00:00 AM,Central,M,0 to 9,"20,083","3,027",15.07
01/01/2003 12:00:00 AM,Central,M,10 to 19,"24,984","4,938",19.76
01/01/2003 12:00:00 AM,Central,M,20 to 29,"23,124","1,802",7.79
01/01/2003 12:00:00 AM,Central,M,30 to 39,"25,977","1,300",5
01/01/2003 12:00:00 AM,Central,M,40 to 49,"30,228","1,406",4.65
01/01/2003 12:00:00 AM,Central,M,50 to 59,"23,194","1,090",4.7
01/01/2003 12:00:00 AM,Central,M,60 to 69,"14,068",739,5.25
01/01/2003 12:00:00 AM,Central,M,70 to 79,"8,821",475,5.38
01/01/2003 12:00:00 AM,Central,M,80 +,"4,392",236,5.37
01/01/2003 12:00:00 AM,Eastern,F,0 to 9,"7,635",769,10.07
01/01/2003 12:00:00 AM,Eastern,F,10 to 19,"8,150","1,146",14.06
01/01/2003 12:00:00 AM,Eastern,F,20 to 29,"8,227",669,8.13
01/01/2003 12:00:00 AM,Eastern,F,30 to 39,"10,105",628,6.21
01/01/2003 12:00:00 AM,Eastern,F,40 to 49,"13,874",821,5.92
01/01/2003 12:00:00 AM,Eastern,F,50 to 59,"12,510",873,6.98
01/01/2003 12:00:00 AM,Eastern,F,60 to 69,"8,505",570,6.7
01/01/2003 12:00:00 AM,Eastern,F,70 to 79,"6,344",384,6.05
01/01/2003 12:00:00 AM,Eastern,F,80 +,"5,440",291,5.35
01/01/2003 12:00:00 AM,Eastern,M,0 to 9,"8,117","1,188",14.64
01/01/2003 12:00:00 AM,Eastern,M,10 to 19,"8,825","1,535",17.39
01/01/2003 12:00:00 AM,Eastern,M,20 to 29,"8,365",518,6.19
01/01/2003 12:00:00 AM,Eastern,M,30 to 39,"9,881",339,3.43
01/01/2003 12:00:00 AM,Eastern,M,40 to 49,"13,370",442,3.31
01/01/2003 12:00:00 AM,Eastern,M,50 to 59,"12,903",448,3.47
01/01/2003 12:00:00 AM,Eastern,M,60 to 69,"8,418",323,3.84
01/01/2003 12:00:00 AM,Eastern,M,70 to 79,"5,186",216,4.17
01/01/2003 12:00:00 AM,Eastern,M,80 +,"2,793",119,4.26
01/01/2003 12:00:00 AM,Northern,F,0 to 9,"7,413",710,9.58
01/01/2003 12:00:00 AM,Northern,F,10 to 19,"7,667","1,070",13.96
01/01/2003 12:00:00 AM,Northern,F,20 to 29,"8,056",817,10.14
01/01/2003 12:00:00 AM,Northern,F,30 to 39,"10,142",787,7.76
01/01/2003 12:00:00 AM,Northern,F,40 to 49,"12,463",951,7.63
01/01/2003 12:00:00 AM,Northern,F,50 to 59,"10,797",873,8.09
01/01/2003 12:00:00 AM,Northern,F,60 to 69,"7,121",536,7.53
01/01/2003 12:00:00 AM,Northern,F,70 to 79,"5,523",386,6.99
01/01/2003 12:00:00 AM,Northern,F,80 +,"4,623",252,5.45
01/01/2003 12:00:00 AM,Northern,M,0 to 9,"7,938","1,168",14.71
01/01/2003 12:00:00 AM,Northern,M,10 to 19,"8,206","1,367",16.66
01/01/2003 12:00:00 AM,Northern,M,20 to 29,"7,969",512,6.42
01/01/2003 12:00:00 AM,Northern,M,30 to 39,"9,905",376,3.8
01/01/2003 12:00:00 AM,Northern,M,40 to 49,"12,166",487,4
01/01/2003 12:00:00 AM,Northern,M,50 to 59,"10,946",405,3.7
01/01/2003 12:00:00 AM,Northern,M,60 to 69,"7,112",267,3.75
01/01/2003 12:00:00 AM,Northern,M,70 to 79,"4,510",203,4.5
01/01/2003 12:00:00 AM,Northern,M,80 +,"2,398",123,5.13
01/01/2003 12:00:00 AM,Unknown,F,0 to 9,"6,345",524,8.26
01/01/2003 12:00:00 AM,Unknown,F,10 to 19,"12,671","1,673",13.2
01/01/2003 12:00:00 AM,Unknown,F,20 to 29,"12,041","1,009",8.38
01/01/2003 12:00:00 AM,Unknown,F,30 to 39,"9,096",564,6.2
01/01/2003 12:00:00 AM,Unknown,F,40 to 49,"7,260",486,6.69
01/01/2003 12:00:00 AM,Unknown,F,50 to 59,"5,053",357,7.07
01/01/2003 12:00:00 AM,Unknown,F,60 to 69,"2,966",208,7.01
01/01/2003 12:00:00 AM,Unknown,F,70 to 79,"2,021",122,6.04
01/01/2003 12:00:00 AM,Unknown,F,80 +,"1,620",89,5.49
01/01/2003 12:00:00 AM,Unknown,M,0 to 9,"6,325",739,11.68
01/01/2003 12:00:00 AM,Unknown,M,10 to 19,"12,380","1,976",15.96
01/01/2003 12:00:00 AM,Unknown,M,20 to 29,"11,788",785,6.66
01/01/2003 12:00:00 AM,Unknown,M,30 to 39,"8,546",265,3.1
01/01/2003 12:00:00 AM,Unknown,M,40 to 49,"6,974",225,3.23
01/01/2003 12:00:00 AM,Unknown,M,50 to 59,"4,683",145,3.1
01/01/2003 12:00:00 AM,Unknown,M,60 to 69,"2,789",134,4.8
01/01/2003 12:00:00 AM,Unknown,M,70 to 79,"1,554",70,4.5
01/01/2003 12:00:00 AM,Unknown,M,80 +,803,39,4.86
01/01/2003 12:00:00 AM,Western,F,0 to 9,"9,015",816,9.05
01/01/2003 12:00:00 AM,Western,F,10 to 19,"9,664","1,366",14.13
01/01/2003 12:00:00 AM,Western,F,20 to 29,"9,884","1,004",10.16
01/01/2003 12:00:00 AM,Western,F,30 to 39,"12,881",991,7.69
01/01/2003 12:00:00 AM,Western,F,40 to 49,"17,201","1,259",7.32
01/01/2003 12:00:00 AM,Western,F,50 to 59,"15,074","1,214",8.05
01/01/2003 12:00:00 AM,Western,F,60 to 69,"10,284",751,7.3
01/01/2003 12:00:00 AM,Western,F,70 to 79,"7,637",534,6.99
01/01/2003 12:00:00 AM,Western,F,80 +,"6,390",360,5.63
01/01/2003 12:00:00 AM,Western,M,0 to 9,"9,634","1,295",13.44
01/01/2003 12:00:00 AM,Western,M,10 to 19,"10,327","1,771",17.15
01/01/2003 12:00:00 AM,Western,M,20 to 29,"9,818",591,6.02
01/01/2003 12:00:00 AM,Western,M,30 to 39,"12,548",549,4.38
01/01/2003 12:00:00 AM,Western,M,40 to 49,"16,531",658,3.98
01/01/2003 12:00:00 AM,Western,M,50 to 59,"15,003",588,3.92
01/01/2003 12:00:00 AM,Western,M,60 to 69,"10,217",479,4.69
01/01/2003 12:00:00 AM,Western,M,70 to 79,"6,603",326,4.94
01/01/2003 12:00:00 AM,Western,M,80 +,"3,707",205,5.53
01/01/2004 12:00:00 AM,Central,F,0 to 9,"19,197","1,942",10.12
01/01/2004 12:00:00 AM,Central,F,10 to 19,"23,931","4,236",17.7
01/01/2004 12:00:00 AM,Central,F,20 to 29,"24,434","2,970",12.16
01/01/2004 12:00:00 AM,Central,F,30 to 39,"28,163","2,640",9.37
01/01/2004 12:00:00 AM,Central,F,40 to 49,"32,658","3,219",9.86
01/01/2004 12:00:00 AM,Central,F,50 to 59,"25,516","2,648",10.38
01/01/2004 12:00:00 AM,Central,F,60 to 69,"15,558","1,591",10.23
01/01/2004 12:00:00 AM,Central,F,70 to 79,"11,394",963,8.45
01/01/2004 12:00:00 AM,Central,F,80 +,"8,973",638,7.11
01/01/2004 12:00:00 AM,Central,M,0 to 9,"19,742","3,029",15.34
01/01/2004 12:00:00 AM,Central,M,10 to 19,"25,069","5,313",21.19
01/01/2004 12:00:00 AM,Central,M,20 to 29,"23,630","2,104",8.9
01/01/2004 12:00:00 AM,Central,M,30 to 39,"25,732","1,386",5.39
01/01/2004 12:00:00 AM,Central,M,40 to 49,"30,885","1,563",5.06
01/01/2004 12:00:00 AM,Central,M,50 to 59,"24,093","1,167",4.84
01/01/2004 12:00:00 AM,Central,M,60 to 69,"14,630",818,5.59
01/01/2004 12:00:00 AM,Central,M,70 to 79,"9,025",507,5.62
01/01/2004 12:00:00 AM,Central,M,80 +,"4,542",252,5.55
01/01/2004 12:00:00 AM,Eastern,F,0 to 9,"7,576",737,9.73
01/01/2004 12:00:00 AM,Eastern,F,10 to 19,"8,200","1,261",15.38
01/01/2004 12:00:00 AM,Eastern,F,20 to 29,"8,142",714,8.77
01/01/2004 12:00:00 AM,Eastern,F,30 to 39,"9,770",652,6.67
01/01/2004 12:00:00 AM,Eastern,F,40 to 49,"13,787",868,6.3
01/01/2004 12:00:00 AM,Eastern,F,50 to 59,"12,906",939,7.28
01/01/2004 12:00:00 AM,Eastern,F,60 to 69,"8,809",635,7.21
01/01/2004 12:00:00 AM,Eastern,F,70 to 79,"6,321",391,6.19
01/01/2004 12:00:00 AM,Eastern,F,80 +,"5,490",310,5.65
01/01/2004 12:00:00 AM,Eastern,M,0 to 9,"8,008","1,147",14.32
01/01/2004 12:00:00 AM,Eastern,M,10 to 19,"8,870","1,698",19.14
01/01/2004 12:00:00 AM,Eastern,M,20 to 29,"8,342",595,7.13
01/01/2004 12:00:00 AM,Eastern,M,30 to 39,"9,667",370,3.83
01/01/2004 12:00:00 AM,Eastern,M,40 to 49,"13,168",464,3.52
01/01/2004 12:00:00 AM,Eastern,M,50 to 59,"13,366",482,3.61
01/01/2004 12:00:00 AM,Eastern,M,60 to 69,"8,627",355,4.11
01/01/2004 12:00:00 AM,Eastern,M,70 to 79,"5,228",222,4.25
01/01/2004 12:00:00 AM,Eastern,M,80 +,"2,846",132,4.64
01/01/2004 12:00:00 AM,Northern,F,0 to 9,"7,358",716,9.73
01/01/2004 12:00:00 AM,Northern,F,10 to 19,"7,696","1,199",15.58
01/01/2004 12:00:00 AM,Northern,F,20 to 29,"7,978",855,10.72
01/01/2004 12:00:00 AM,Northern,F,30 to 39,"9,971",857,8.59
01/01/2004 12:00:00 AM,Northern,F,40 to 49,"12,441","1,004",8.07
01/01/2004 12:00:00 AM,Northern,F,50 to 59,"11,277",974,8.64
01/01/2004 12:00:00 AM,Northern,F,60 to 69,"7,298",590,8.08
01/01/2004 12:00:00 AM,Northern,F,70 to 79,"5,490",421,7.67
01/01/2004 12:00:00 AM,Northern,F,80 +,"4,729",262,5.54
01/01/2004 12:00:00 AM,Northern,M,0 to 9,"7,847","1,172",14.94
01/01/2004 12:00:00 AM,Northern,M,10 to 19,"8,258","1,524",18.45
01/01/2004 12:00:00 AM,Northern,M,20 to 29,"8,019",586,7.31
01/01/2004 12:00:00 AM,Northern,M,30 to 39,"9,594",409,4.26
01/01/2004 12:00:00 AM,Northern,M,40 to 49,"12,228",523,4.28
01/01/2004 12:00:00 AM,Northern,M,50 to 59,"11,304",457,4.04
01/01/2004 12:00:00 AM,Northern,M,60 to 69,"7,432",283,3.81
01/01/2004 12:00:00 AM,Northern,M,70 to 79,"4,545",209,4.6
01/01/2004 12:00:00 AM,Northern,M,80 +,"2,477",133,5.37
01/01/2004 12:00:00 AM,Unknown,F,0 to 9,"5,804",466,8.03
01/01/2004 12:00:00 AM,Unknown,F,10 to 19,"12,023","1,675",13.93
01/01/2004 12:00:00 AM,Unknown,F,20 to 29,"11,999","1,066",8.88
01/01/2004 12:00:00 AM,Unknown,F,30 to 39,"8,789",584,6.64
01/01/2004 12:00:00 AM,Unknown,F,40 to 49,"7,237",510,7.05
01/01/2004 12:00:00 AM,Unknown,F,50 to 59,"5,158",394,7.64
01/01/2004 12:00:00 AM,Unknown,F,60 to 69,"3,033",215,7.09
01/01/2004 12:00:00 AM,Unknown,F,70 to 79,"1,963",128,6.52
01/01/2004 12:00:00 AM,Unknown,F,80 +,"1,596",97,6.08
01/01/2004 12:00:00 AM,Unknown,M,0 to 9,"5,803",636,10.96
01/01/2004 12:00:00 AM,Unknown,M,10 to 19,"11,671","2,004",17.17
01/01/2004 12:00:00 AM,Unknown,M,20 to 29,"11,699",869,7.43
01/01/2004 12:00:00 AM,Unknown,M,30 to 39,"8,275",276,3.34
01/01/2004 12:00:00 AM,Unknown,M,40 to 49,"6,954",239,3.44
01/01/2004 12:00:00 AM,Unknown,M,50 to 59,"4,802",159,3.31
01/01/2004 12:00:00 AM,Unknown,M,60 to 69,"2,810",120,4.27
01/01/2004 12:00:00 AM,Unknown,M,70 to 79,"1,544",76,4.92
01/01/2004 12:00:00 AM,Unknown,M,80 +,802,39,4.86
01/01/2004 12:00:00 AM,Western,F,0 to 9,"8,902",845,9.49
01/01/2004 12:00:00 AM,Western,F,10 to 19,"9,739","1,499",15.39
01/01/2004 12:00:00 AM,Western,F,20 to 29,"9,833","1,059",10.77
01/01/2004 12:00:00 AM,Western,F,30 to 39,"12,455","1,041",8.36
01/01/2004 12:00:00 AM,Western,F,40 to 49,"17,280","1,393",8.06
01/01/2004 12:00:00 AM,Western,F,50 to 59,"15,595","1,337",8.57
01/01/2004 12:00:00 AM,Western,F,60 to 69,"10,608",840,7.92
01/01/2004 12:00:00 AM,Western,F,70 to 79,"7,697",548,7.12
01/01/2004 12:00:00 AM,Western,F,80 +,"6,433",397,6.17
01/01/2004 12:00:00 AM,Western,M,0 to 9,"9,460","1,323",13.99
01/01/2004 12:00:00 AM,Western,M,10 to 19,"10,309","1,940",18.82
01/01/2004 12:00:00 AM,Western,M,20 to 29,"9,784",669,6.84
01/01/2004 12:00:00 AM,Western,M,30 to 39,"12,111",584,4.82
01/01/2004 12:00:00 AM,Western,M,40 to 49,"16,601",713,4.29
01/01/2004 12:00:00 AM,Western,M,50 to 59,"15,411",649,4.21
01/01/2004 12:00:00 AM,Western,M,60 to 69,"10,560",499,4.73
01/01/2004 12:00:00 AM,Western,M,70 to 79,"6,736",352,5.23
01/01/2004 12:00:00 AM,Western,M,80 +,"3,746",206,5.5
01/01/2005 12:00:00 AM,Central,F,0 to 9,"18,843","1,855",9.84
01/01/2005 12:00:00 AM,Central,F,10 to 19,"24,119","4,561",18.91
01/01/2005 12:00:00 AM,Central,F,20 to 29,"24,753","3,145",12.71
01/01/2005 12:00:00 AM,Central,F,30 to 39,"28,195","2,861",10.15
01/01/2005 12:00:00 AM,Central,F,40 to 49,"32,938","3,409",10.35
01/01/2005 12:00:00 AM,Central,F,50 to 59,"26,659","2,954",11.08
01/01/2005 12:00:00 AM,Central,F,60 to 69,"16,270","1,734",10.66
01/01/2005 12:00:00 AM,Central,F,70 to 79,"11,350",996,8.78
01/01/2005 12:00:00 AM,Central,F,80 +,"9,150",676,7.39
01/01/2005 12:00:00 AM,Central,M,0 to 9,"19,597","2,946",15.03
01/01/2005 12:00:00 AM,Central,M,10 to 19,"24,978","5,673",22.71
01/01/2005 12:00:00 AM,Central,M,20 to 29,"24,081","2,457",10.2
01/01/2005 12:00:00 AM,Central,M,30 to 39,"25,711","1,474",5.73
01/01/2005 12:00:00 AM,Central,M,40 to 49,"31,304","1,694",5.41
01/01/2005 12:00:00 AM,Central,M,50 to 59,"25,057","1,295",5.17
01/01/2005 12:00:00 AM,Central,M,60 to 69,"15,285",876,5.73
01/01/2005 12:00:00 AM,Central,M,70 to 79,"9,255",523,5.65
01/01/2005 12:00:00 AM,Central,M,80 +,"4,656",284,6.1
01/01/2005 12:00:00 AM,Eastern,F,0 to 9,"7,464",710,9.51
01/01/2005 12:00:00 AM,Eastern,F,10 to 19,"8,230","1,379",16.76
01/01/2005 12:00:00 AM,Eastern,F,20 to 29,"8,113",758,9.34
01/01/2005 12:00:00 AM,Eastern,F,30 to 39,"9,580",695,7.25
01/01/2005 12:00:00 AM,Eastern,F,40 to 49,"13,574",919,6.77
01/01/2005 12:00:00 AM,Eastern,F,50 to 59,"13,299","1,024",7.7
01/01/2005 12:00:00 AM,Eastern,F,60 to 69,"9,035",680,7.53
01/01/2005 12:00:00 AM,Eastern,F,70 to 79,"6,373",402,6.31
01/01/2005 12:00:00 AM,Eastern,F,80 +,"5,483",314,5.73
01/01/2005 12:00:00 AM,Eastern,M,0 to 9,"7,846","1,086",13.84
01/01/2005 12:00:00 AM,Eastern,M,10 to 19,"8,898","1,846",20.75
01/01/2005 12:00:00 AM,Eastern,M,20 to 29,"8,310",675,8.12
01/01/2005 12:00:00 AM,Eastern,M,30 to 39,"9,547",427,4.47
01/01/2005 12:00:00 AM,Eastern,M,40 to 49,"12,926",494,3.82
01/01/2005 12:00:00 AM,Eastern,M,50 to 59,"13,605",527,3.87
01/01/2005 12:00:00 AM,Eastern,M,60 to 69,"8,907",375,4.21
01/01/2005 12:00:00 AM,Eastern,M,70 to 79,"5,336",240,4.5
01/01/2005 12:00:00 AM,Eastern,M,80 +,"2,874",129,4.49
01/01/2005 12:00:00 AM,Northern,F,0 to 9,"7,297",713,9.77
01/01/2005 12:00:00 AM,Northern,F,10 to 19,"7,768","1,279",16.46
01/01/2005 12:00:00 AM,Northern,F,20 to 29,"7,959",932,11.71
01/01/2005 12:00:00 AM,Northern,F,30 to 39,"9,740",898,9.22
01/01/2005 12:00:00 AM,Northern,F,40 to 49,"12,434","1,066",8.57
01/01/2005 12:00:00 AM,Northern,F,50 to 59,"11,577","1,049",9.06
01/01/2005 12:00:00 AM,Northern,F,60 to 69,"7,581",651,8.59
01/01/2005 12:00:00 AM,Northern,F,70 to 79,"5,507",421,7.64
01/01/2005 12:00:00 AM,Northern,F,80 +,"4,788",281,5.87
01/01/2005 12:00:00 AM,Northern,M,0 to 9,"7,786","1,137",14.6
01/01/2005 12:00:00 AM,Northern,M,10 to 19,"8,337","1,697",20.36
01/01/2005 12:00:00 AM,Northern,M,20 to 29,"7,973",660,8.28
01/01/2005 12:00:00 AM,Northern,M,30 to 39,"9,445",442,4.68
01/01/2005 12:00:00 AM,Northern,M,40 to 49,"12,143",535,4.41
01/01/2005 12:00:00 AM,Northern,M,50 to 59,"11,612",502,4.32
01/01/2005 12:00:00 AM,Northern,M,60 to 69,"7,671",312,4.07
01/01/2005 12:00:00 AM,Northern,M,70 to 79,"4,641",212,4.57
01/01/2005 12:00:00 AM,Northern,M,80 +,"2,527",132,5.22
01/01/2005 12:00:00 AM,Unknown,F,0 to 9,"5,269",392,7.44
01/01/2005 12:00:00 AM,Unknown,F,10 to 19,"11,241","1,659",14.76
01/01/2005 12:00:00 AM,Unknown,F,20 to 29,"11,830","1,136",9.6
01/01/2005 12:00:00 AM,Unknown,F,30 to 39,"8,521",577,6.77
01/01/2005 12:00:00 AM,Unknown,F,40 to 49,"7,143",532,7.45
01/01/2005 12:00:00 AM,Unknown,F,50 to 59,"5,194",421,8.11
01/01/2005 12:00:00 AM,Unknown,F,60 to 69,"3,091",231,7.47
01/01/2005 12:00:00 AM,Unknown,F,70 to 79,"1,855",135,7.28
01/01/2005 12:00:00 AM,Unknown,F,80 +,"1,595",88,5.52
01/01/2005 12:00:00 AM,Unknown,M,0 to 9,"5,400",578,10.7
01/01/2005 12:00:00 AM,Unknown,M,10 to 19,"10,690","1,935",18.1
01/01/2005 12:00:00 AM,Unknown,M,20 to 29,"11,520",976,8.47
01/01/2005 12:00:00 AM,Unknown,M,30 to 39,"7,955",301,3.78
01/01/2005 12:00:00 AM,Unknown,M,40 to 49,"6,878",249,3.62
01/01/2005 12:00:00 AM,Unknown,M,50 to 59,"4,848",170,3.51
01/01/2005 12:00:00 AM,Unknown,M,60 to 69,"2,826",129,4.56
01/01/2005 12:00:00 AM,Unknown,M,70 to 79,"1,529",68,4.45
01/01/2005 12:00:00 AM,Unknown,M,80 +,799,36,4.51
01/01/2005 12:00:00 AM,Western,F,0 to 9,"8,765",880,10.04
01/01/2005 12:00:00 AM,Western,F,10 to 19,"9,820","1,644",16.74
01/01/2005 12:00:00 AM,Western,F,20 to 29,"9,806","1,119",11.41
01/01/2005 12:00:00 AM,Western,F,30 to 39,"12,087","1,108",9.17
01/01/2005 12:00:00 AM,Western,F,40 to 49,"17,219","1,482",8.61
01/01/2005 12:00:00 AM,Western,F,50 to 59,"15,987","1,447",9.05
01/01/2005 12:00:00 AM,Western,F,60 to 69,"11,042",925,8.38
01/01/2005 12:00:00 AM,Western,F,70 to 79,"7,757",583,7.52
01/01/2005 12:00:00 AM,Western,F,80 +,"6,468",399,6.17
01/01/2005 12:00:00 AM,Western,M,0 to 9,"9,305","1,345",14.45
01/01/2005 12:00:00 AM,Western,M,10 to 19,"10,403","2,124",20.42
01/01/2005 12:00:00 AM,Western,M,20 to 29,"9,726",744,7.65
01/01/2005 12:00:00 AM,Western,M,30 to 39,"11,861",622,5.24
01/01/2005 12:00:00 AM,Western,M,40 to 49,"16,500",788,4.78
01/01/2005 12:00:00 AM,Western,M,50 to 59,"15,692",701,4.47
01/01/2005 12:00:00 AM,Western,M,60 to 69,"10,950",539,4.92
01/01/2005 12:00:00 AM,Western,M,70 to 79,"6,875",347,5.05
01/01/2005 12:00:00 AM,Western,M,80 +,"3,828",226,5.9
01/01/2006 12:00:00 AM,Central,F,0 to 9,"18,770","1,823",9.71
01/01/2006 12:00:00 AM,Central,F,10 to 19,"24,049","4,685",19.48
01/01/2006 12:00:00 AM,Central,F,20 to 29,"25,210","3,415",13.55
01/01/2006 12:00:00 AM,Central,F,30 to 39,"28,270","3,021",10.69
01/01/2006 12:00:00 AM,Central,F,40 to 49,"33,209","3,647",10.98
01/01/2006 12:00:00 AM,Central,F,50 to 59,"27,306","3,065",11.22
01/01/2006 12:00:00 AM,Central,F,60 to 69,"17,388","1,988",11.43
01/01/2006 12:00:00 AM,Central,F,70 to 79,"11,409","1,054",9.24
01/01/2006 12:00:00 AM,Central,F,80 +,"9,433",714,7.57
01/01/2006 12:00:00 AM,Central,M,0 to 9,"19,406","2,885",14.87
01/01/2006 12:00:00 AM,Central,M,10 to 19,"25,018","5,947",23.77
01/01/2006 12:00:00 AM,Central,M,20 to 29,"24,563","2,781",11.32
01/01/2006 12:00:00 AM,Central,M,30 to 39,"25,865","1,576",6.09
01/01/2006 12:00:00 AM,Central,M,40 to 49,"31,540","1,785",5.66
01/01/2006 12:00:00 AM,Central,M,50 to 59,"25,813","1,448",5.61
01/01/2006 12:00:00 AM,Central,M,60 to 69,"16,324",951,5.83
01/01/2006 12:00:00 AM,Central,M,70 to 79,"9,507",537,5.65
01/01/2006 12:00:00 AM,Central,M,80 +,"4,813",292,6.07
01/01/2006 12:00:00 AM,Eastern,F,0 to 9,"7,345",674,9.18
01/01/2006 12:00:00 AM,Eastern,F,10 to 19,"8,234","1,459",17.72
01/01/2006 12:00:00 AM,Eastern,F,20 to 29,"8,078",835,10.34
01/01/2006 12:00:00 AM,Eastern,F,30 to 39,"9,373",724,7.72
01/01/2006 12:00:00 AM,Eastern,F,40 to 49,"13,293",935,7.03
01/01/2006 12:00:00 AM,Eastern,F,50 to 59,"13,417","1,049",7.82
01/01/2006 12:00:00 AM,Eastern,F,60 to 69,"9,509",756,7.95
01/01/2006 12:00:00 AM,Eastern,F,70 to 79,"6,518",427,6.55
01/01/2006 12:00:00 AM,Eastern,F,80 +,"5,494",326,5.93
01/01/2006 12:00:00 AM,Eastern,M,0 to 9,"7,677","1,018",13.26
01/01/2006 12:00:00 AM,Eastern,M,10 to 19,"8,920","1,965",22.03
01/01/2006 12:00:00 AM,Eastern,M,20 to 29,"8,281",764,9.23
01/01/2006 12:00:00 AM,Eastern,M,30 to 39,"9,297",445,4.79
01/01/2006 12:00:00 AM,Eastern,M,40 to 49,"12,642",510,4.03
01/01/2006 12:00:00 AM,Eastern,M,50 to 59,"13,667",550,4.02
01/01/2006 12:00:00 AM,Eastern,M,60 to 69,"9,448",427,4.52
01/01/2006 12:00:00 AM,Eastern,M,70 to 79,"5,434",231,4.25
01/01/2006 12:00:00 AM,Eastern,M,80 +,"2,853",141,4.94
01/01/2006 12:00:00 AM,Northern,F,0 to 9,"7,268",732,10.07
01/01/2006 12:00:00 AM,Northern,F,10 to 19,"7,819","1,339",17.12
01/01/2006 12:00:00 AM,Northern,F,20 to 29,"7,825",922,11.78
01/01/2006 12:00:00 AM,Northern,F,30 to 39,"9,646",973,10.09
01/01/2006 12:00:00 AM,Northern,F,40 to 49,"12,365","1,079",8.73
01/01/2006 12:00:00 AM,Northern,F,50 to 59,"11,720","1,110",9.47
01/01/2006 12:00:00 AM,Northern,F,60 to 69,"8,034",743,9.25
01/01/2006 12:00:00 AM,Northern,F,70 to 79,"5,535",451,8.15
01/01/2006 12:00:00 AM,Northern,F,80 +,"4,834",291,6.02
01/01/2006 12:00:00 AM,Northern,M,0 to 9,"7,700","1,089",14.14
01/01/2006 12:00:00 AM,Northern,M,10 to 19,"8,493","1,822",21.45
01/01/2006 12:00:00 AM,Northern,M,20 to 29,"7,840",731,9.32
01/01/2006 12:00:00 AM,Northern,M,30 to 39,"9,381",487,5.19
01/01/2006 12:00:00 AM,Northern,M,40 to 49,"11,988",535,4.46
01/01/2006 12:00:00 AM,Northern,M,50 to 59,"11,752",539,4.59
01/01/2006 12:00:00 AM,Northern,M,60 to 69,"8,189",333,4.07
01/01/2006 12:00:00 AM,Northern,M,70 to 79,"4,743",223,4.7
01/01/2006 12:00:00 AM,Northern,M,80 +,"2,580",143,5.54
01/01/2006 12:00:00 AM,Unknown,F,0 to 9,"4,937",355,7.19
01/01/2006 12:00:00 AM,Unknown,F,10 to 19,"10,296","1,590",15.44
01/01/2006 12:00:00 AM,Unknown,F,20 to 29,"11,597","1,188",10.24
01/01/2006 12:00:00 AM,Unknown,F,30 to 39,"8,101",579,7.15
01/01/2006 12:00:00 AM,Unknown,F,40 to 49,"6,850",524,7.65
01/01/2006 12:00:00 AM,Unknown,F,50 to 59,"5,194",426,8.2
01/01/2006 12:00:00 AM,Unknown,F,60 to 69,"3,227",268,8.3
01/01/2006 12:00:00 AM,Unknown,F,70 to 79,"1,786",134,7.5
01/01/2006 12:00:00 AM,Unknown,F,80 +,"1,653",94,5.69
01/01/2006 12:00:00 AM,Unknown,M,0 to 9,"4,994",506,10.13
01/01/2006 12:00:00 AM,Unknown,M,10 to 19,"9,707","1,831",18.86
01/01/2006 12:00:00 AM,Unknown,M,20 to 29,"11,045","1,043",9.44
01/01/2006 12:00:00 AM,Unknown,M,30 to 39,"7,523",328,4.36
01/01/2006 12:00:00 AM,Unknown,M,40 to 49,"6,678",248,3.71
01/01/2006 12:00:00 AM,Unknown,M,50 to 59,"4,806",172,3.58
01/01/2006 12:00:00 AM,Unknown,M,60 to 69,"2,950",126,4.27
01/01/2006 12:00:00 AM,Unknown,M,70 to 79,"1,516",79,5.21
01/01/2006 12:00:00 AM,Unknown,M,80 +,791,30,3.79
01/01/2006 12:00:00 AM,Western,F,0 to 9,"8,702",920,10.57
01/01/2006 12:00:00 AM,Western,F,10 to 19,"9,830","1,721",17.51
01/01/2006 12:00:00 AM,Western,F,20 to 29,"9,771","1,200",12.28
01/01/2006 12:00:00 AM,Western,F,30 to 39,"11,942","1,186",9.93
01/01/2006 12:00:00 AM,Western,F,40 to 49,"16,908","1,534",9.07
01/01/2006 12:00:00 AM,Western,F,50 to 59,"16,158","1,506",9.32
01/01/2006 12:00:00 AM,Western,F,60 to 69,"11,768","1,054",8.96
01/01/2006 12:00:00 AM,Western,F,70 to 79,"7,823",609,7.78
01/01/2006 12:00:00 AM,Western,F,80 +,"6,563",429,6.54
01/01/2006 12:00:00 AM,Western,M,0 to 9,"9,140","1,308",14.31
01/01/2006 12:00:00 AM,Western,M,10 to 19,"10,485","2,287",21.81
01/01/2006 12:00:00 AM,Western,M,20 to 29,"9,683",852,8.8
01/01/2006 12:00:00 AM,Western,M,30 to 39,"11,610",648,5.58
01/01/2006 12:00:00 AM,Western,M,40 to 49,"16,279",815,5.01
01/01/2006 12:00:00 AM,Western,M,50 to 59,"15,847",748,4.72
01/01/2006 12:00:00 AM,Western,M,60 to 69,"11,539",601,5.21
01/01/2006 12:00:00 AM,Western,M,70 to 79,"7,061",379,5.37
01/01/2006 12:00:00 AM,Western,M,80 +,"3,886",223,5.74
01/01/2007 12:00:00 AM,Central,F,0 to 9,"18,862","1,791",9.5
01/01/2007 12:00:00 AM,Central,F,10 to 19,"23,957","4,758",19.86
01/01/2007 12:00:00 AM,Central,F,20 to 29,"25,666","3,617",14.09
01/01/2007 12:00:00 AM,Central,F,30 to 39,"28,473","3,205",11.26
01/01/2007 12:00:00 AM,Central,F,40 to 49,"33,352","3,760",11.27
01/01/2007 12:00:00 AM,Central,F,50 to 59,"27,916","3,236",11.59
01/01/2007 12:00:00 AM,Central,F,60 to 69,"18,623","2,186",11.74
01/01/2007 12:00:00 AM,Central,F,70 to 79,"11,507","1,102",9.58
01/01/2007 12:00:00 AM,Central,F,80 +,"9,594",734,7.65
01/01/2007 12:00:00 AM,Central,M,0 to 9,"19,523","2,754",14.11
01/01/2007 12:00:00 AM,Central,M,10 to 19,"25,061","6,069",24.22
01/01/2007 12:00:00 AM,Central,M,20 to 29,"24,866","3,131",12.59
01/01/2007 12:00:00 AM,Central,M,30 to 39,"26,160","1,698",6.49
01/01/2007 12:00:00 AM,Central,M,40 to 49,"31,446","1,853",5.89
01/01/2007 12:00:00 AM,Central,M,50 to 59,"26,601","1,582",5.95
01/01/2007 12:00:00 AM,Central,M,60 to 69,"17,445","1,031",5.91
01/01/2007 12:00:00 AM,Central,M,70 to 79,"9,706",563,5.8
01/01/2007 12:00:00 AM,Central,M,80 +,"4,950",291,5.88
01/01/2007 12:00:00 AM,Eastern,F,0 to 9,"7,263",629,8.66
01/01/2007 12:00:00 AM,Eastern,F,10 to 19,"8,290","1,526",18.41
01/01/2007 12:00:00 AM,Eastern,F,20 to 29,"8,028",891,11.1
01/01/2007 12:00:00 AM,Eastern,F,30 to 39,"9,261",775,8.37
01/01/2007 12:00:00 AM,Eastern,F,40 to 49,"12,836",949,7.39
01/01/2007 12:00:00 AM,Eastern,F,50 to 59,"13,590","1,091",8.03
01/01/2007 12:00:00 AM,Eastern,F,60 to 69,"10,062",837,8.32
01/01/2007 12:00:00 AM,Eastern,F,70 to 79,"6,547",446,6.81
01/01/2007 12:00:00 AM,Eastern,F,80 +,"5,517",331,6
01/01/2007 12:00:00 AM,Eastern,M,0 to 9,"7,661",974,12.71
01/01/2007 12:00:00 AM,Eastern,M,10 to 19,"8,892","2,060",23.17
01/01/2007 12:00:00 AM,Eastern,M,20 to 29,"8,321",859,10.32
01/01/2007 12:00:00 AM,Eastern,M,30 to 39,"9,088",475,5.23
01/01/2007 12:00:00 AM,Eastern,M,40 to 49,"12,329",525,4.26
01/01/2007 12:00:00 AM,Eastern,M,50 to 59,"13,619",573,4.21
01/01/2007 12:00:00 AM,Eastern,M,60 to 69,"9,963",470,4.72
01/01/2007 12:00:00 AM,Eastern,M,70 to 79,"5,581",260,4.66
01/01/2007 12:00:00 AM,Eastern,M,80 +,"2,894",147,5.08
01/01/2007 12:00:00 AM,Northern,F,0 to 9,"7,305",708,9.69
01/01/2007 12:00:00 AM,Northern,F,10 to 19,"7,813","1,384",17.71
01/01/2007 12:00:00 AM,Northern,F,20 to 29,"7,823",964,12.32
01/01/2007 12:00:00 AM,Northern,F,30 to 39,"9,525","1,007",10.57
01/01/2007 12:00:00 AM,Northern,F,40 to 49,"12,133","1,101",9.07
01/01/2007 12:00:00 AM,Northern,F,50 to 59,"11,890","1,144",9.62
01/01/2007 12:00:00 AM,Northern,F,60 to 69,"8,603",802,9.32
01/01/2007 12:00:00 AM,Northern,F,70 to 79,"5,540",470,8.48
01/01/2007 12:00:00 AM,Northern,F,80 +,"4,873",300,6.16
01/01/2007 12:00:00 AM,Northern,M,0 to 9,"7,709","1,028",13.34
01/01/2007 12:00:00 AM,Northern,M,10 to 19,"8,590","1,924",22.4
01/01/2007 12:00:00 AM,Northern,M,20 to 29,"7,757",810,10.44
01/01/2007 12:00:00 AM,Northern,M,30 to 39,"9,241",516,5.58
01/01/2007 12:00:00 AM,Northern,M,40 to 49,"11,782",544,4.62
01/01/2007 12:00:00 AM,Northern,M,50 to 59,"11,947",562,4.7
01/01/2007 12:00:00 AM,Northern,M,60 to 69,"8,615",359,4.17
01/01/2007 12:00:00 AM,Northern,M,70 to 79,"4,854",239,4.92
01/01/2007 12:00:00 AM,Northern,M,80 +,"2,626",147,5.6
01/01/2007 12:00:00 AM,Unknown,F,0 to 9,"4,546",320,7.04
01/01/2007 12:00:00 AM,Unknown,F,10 to 19,"9,293","1,449",15.59
01/01/2007 12:00:00 AM,Unknown,F,20 to 29,"10,959","1,206",11
01/01/2007 12:00:00 AM,Unknown,F,30 to 39,"7,658",544,7.1
01/01/2007 12:00:00 AM,Unknown,F,40 to 49,"6,499",517,7.96
01/01/2007 12:00:00 AM,Unknown,F,50 to 59,"5,102",420,8.23
01/01/2007 12:00:00 AM,Unknown,F,60 to 69,"3,313",282,8.51
01/01/2007 12:00:00 AM,Unknown,F,70 to 79,"1,789",145,8.11
01/01/2007 12:00:00 AM,Unknown,F,80 +,"1,625",100,6.15
01/01/2007 12:00:00 AM,Unknown,M,0 to 9,"4,695",445,9.48
01/01/2007 12:00:00 AM,Unknown,M,10 to 19,"8,625","1,686",19.55
01/01/2007 12:00:00 AM,Unknown,M,20 to 29,"10,307","1,042",10.11
01/01/2007 12:00:00 AM,Unknown,M,30 to 39,"7,043",326,4.63
01/01/2007 12:00:00 AM,Unknown,M,40 to 49,"6,294",243,3.86
01/01/2007 12:00:00 AM,Unknown,M,50 to 59,"4,699",179,3.81
01/01/2007 12:00:00 AM,Unknown,M,60 to 69,"3,012",125,4.15
01/01/2007 12:00:00 AM,Unknown,M,70 to 79,"1,532",81,5.29
01/01/2007 12:00:00 AM,Unknown,M,80 +,790,29,3.67
01/01/2007 12:00:00 AM,Western,F,0 to 9,"8,658",889,10.27
01/01/2007 12:00:00 AM,Western,F,10 to 19,"9,907","1,822",18.39
01/01/2007 12:00:00 AM,Western,F,20 to 29,"9,718","1,263",13
01/01/2007 12:00:00 AM,Western,F,30 to 39,"11,763","1,252",10.64
01/01/2007 12:00:00 AM,Western,F,40 to 49,"16,546","1,584",9.57
01/01/2007 12:00:00 AM,Western,F,50 to 59,"16,376","1,559",9.52
01/01/2007 12:00:00 AM,Western,F,60 to 69,"12,446","1,176",9.45
01/01/2007 12:00:00 AM,Western,F,70 to 79,"8,007",651,8.13
01/01/2007 12:00:00 AM,Western,F,80 +,"6,600",443,6.71
01/01/2007 12:00:00 AM,Western,M,0 to 9,"9,067","1,280",14.12
01/01/2007 12:00:00 AM,Western,M,10 to 19,"10,607","2,406",22.68
01/01/2007 12:00:00 AM,Western,M,20 to 29,"9,623",999,10.38
01/01/2007 12:00:00 AM,Western,M,30 to 39,"11,394",656,5.76
01/01/2007 12:00:00 AM,Western,M,40 to 49,"15,816",854,5.4
01/01/2007 12:00:00 AM,Western,M,50 to 59,"16,126",773,4.79
01/01/2007 12:00:00 AM,Western,M,60 to 69,"12,183",651,5.34
01/01/2007 12:00:00 AM,Western,M,70 to 79,"7,238",403,5.57
01/01/2007 12:00:00 AM,Western,M,80 +,"3,972",239,6.02
01/01/2008 12:00:00 AM,Central,F,0 to 9,"19,016","1,729",9.09
01/01/2008 12:00:00 AM,Central,F,10 to 19,"23,704","4,766",20.11
01/01/2008 12:00:00 AM,Central,F,20 to 29,"26,203","3,881",14.81
01/01/2008 12:00:00 AM,Central,F,30 to 39,"28,817","3,393",11.77
01/01/2008 12:00:00 AM,Central,F,40 to 49,"33,285","3,847",11.56
01/01/2008 12:00:00 AM,Central,F,50 to 59,"28,893","3,409",11.8
01/01/2008 12:00:00 AM,Central,F,60 to 69,"19,638","2,432",12.38
01/01/2008 12:00:00 AM,Central,F,70 to 79,"11,745","1,158",9.86
01/01/2008 12:00:00 AM,Central,F,80 +,"9,748",774,7.94
01/01/2008 12:00:00 AM,Central,M,0 to 9,"19,809","2,636",13.31
01/01/2008 12:00:00 AM,Central,M,10 to 19,"24,748","6,179",24.97
01/01/2008 12:00:00 AM,Central,M,20 to 29,"25,565","3,537",13.84
01/01/2008 12:00:00 AM,Central,M,30 to 39,"26,525","1,810",6.82
01/01/2008 12:00:00 AM,Central,M,40 to 49,"31,537","1,927",6.11
01/01/2008 12:00:00 AM,Central,M,50 to 59,"27,471","1,713",6.24
01/01/2008 12:00:00 AM,Central,M,60 to 69,"18,366","1,104",6.01
01/01/2008 12:00:00 AM,Central,M,70 to 79,"9,999",612,6.12
01/01/2008 12:00:00 AM,Central,M,80 +,"5,122",293,5.72
01/01/2008 12:00:00 AM,Eastern,F,0 to 9,"7,211",606,8.4
01/01/2008 12:00:00 AM,Eastern,F,10 to 19,"8,349","1,564",18.73
01/01/2008 12:00:00 AM,Eastern,F,20 to 29,"7,981",956,11.98
01/01/2008 12:00:00 AM,Eastern,F,30 to 39,"9,173",815,8.88
01/01/2008 12:00:00 AM,Eastern,F,40 to 49,"12,470",980,7.86
01/01/2008 12:00:00 AM,Eastern,F,50 to 59,"13,766","1,139",8.27
01/01/2008 12:00:00 AM,Eastern,F,60 to 69,"10,501",917,8.73
01/01/2008 12:00:00 AM,Eastern,F,70 to 79,"6,649",468,7.04
01/01/2008 12:00:00 AM,Eastern,F,80 +,"5,558",358,6.44
01/01/2008 12:00:00 AM,Eastern,M,0 to 9,"7,630",934,12.24
01/01/2008 12:00:00 AM,Eastern,M,10 to 19,"8,897","2,129",23.93
01/01/2008 12:00:00 AM,Eastern,M,20 to 29,"8,393",973,11.59
01/01/2008 12:00:00 AM,Eastern,M,30 to 39,"9,036",495,5.48
01/01/2008 12:00:00 AM,Eastern,M,40 to 49,"12,072",532,4.41
01/01/2008 12:00:00 AM,Eastern,M,50 to 59,"13,649",605,4.43
01/01/2008 12:00:00 AM,Eastern,M,60 to 69,"10,374",498,4.8
01/01/2008 12:00:00 AM,Eastern,M,70 to 79,"5,753",275,4.78
01/01/2008 12:00:00 AM,Eastern,M,80 +,"2,944",152,5.16
01/01/2008 12:00:00 AM,Northern,F,0 to 9,"7,361",654,8.88
01/01/2008 12:00:00 AM,Northern,F,10 to 19,"7,886","1,437",18.22
01/01/2008 12:00:00 AM,Northern,F,20 to 29,"7,803",998,12.79
01/01/2008 12:00:00 AM,Northern,F,30 to 39,"9,507","1,060",11.15
01/01/2008 12:00:00 AM,Northern,F,40 to 49,"11,934","1,158",9.7
01/01/2008 12:00:00 AM,Northern,F,50 to 59,"12,053","1,198",9.94
01/01/2008 12:00:00 AM,Northern,F,60 to 69,"8,987",861,9.58
01/01/2008 12:00:00 AM,Northern,F,70 to 79,"5,691",491,8.63
01/01/2008 12:00:00 AM,Northern,F,80 +,"4,941",307,6.21
01/01/2008 12:00:00 AM,Northern,M,0 to 9,"7,687",964,12.54
01/01/2008 12:00:00 AM,Northern,M,10 to 19,"8,703","2,023",23.24
01/01/2008 12:00:00 AM,Northern,M,20 to 29,"7,789",904,11.61
01/01/2008 12:00:00 AM,Northern,M,30 to 39,"9,196",538,5.85
01/01/2008 12:00:00 AM,Northern,M,40 to 49,"11,687",565,4.83
01/01/2008 12:00:00 AM,Northern,M,50 to 59,"12,054",598,4.96
01/01/2008 12:00:00 AM,Northern,M,60 to 69,"9,026",386,4.28
01/01/2008 12:00:00 AM,Northern,M,70 to 79,"4,991",242,4.85
01/01/2008 12:00:00 AM,Northern,M,80 +,"2,702",162,6
01/01/2008 12:00:00 AM,Unknown,F,0 to 9,"4,211",272,6.46
01/01/2008 12:00:00 AM,Unknown,F,10 to 19,"8,306","1,287",15.49
01/01/2008 12:00:00 AM,Unknown,F,20 to 29,"10,538","1,214",11.52
01/01/2008 12:00:00 AM,Unknown,F,30 to 39,"7,185",550,7.65
01/01/2008 12:00:00 AM,Unknown,F,40 to 49,"6,253",507,8.11
01/01/2008 12:00:00 AM,Unknown,F,50 to 59,"5,026",426,8.48
01/01/2008 12:00:00 AM,Unknown,F,60 to 69,"3,403",275,8.08
01/01/2008 12:00:00 AM,Unknown,F,70 to 79,"1,785",150,8.4
01/01/2008 12:00:00 AM,Unknown,F,80 +,"1,611",105,6.52
01/01/2008 12:00:00 AM,Unknown,M,0 to 9,"4,331",390,9
01/01/2008 12:00:00 AM,Unknown,M,10 to 19,"7,670","1,529",19.93
01/01/2008 12:00:00 AM,Unknown,M,20 to 29,"9,815","1,101",11.22
01/01/2008 12:00:00 AM,Unknown,M,30 to 39,"6,689",320,4.78
01/01/2008 12:00:00 AM,Unknown,M,40 to 49,"6,011",239,3.98
01/01/2008 12:00:00 AM,Unknown,M,50 to 59,"4,587",186,4.05
01/01/2008 12:00:00 AM,Unknown,M,60 to 69,"3,098",138,4.45
01/01/2008 12:00:00 AM,Unknown,M,70 to 79,"1,539",74,4.81
01/01/2008 12:00:00 AM,Unknown,M,80 +,798,33,4.14
01/01/2008 12:00:00 AM,Western,F,0 to 9,"8,635",854,9.89
01/01/2008 12:00:00 AM,Western,F,10 to 19,"9,918","1,893",19.09
01/01/2008 12:00:00 AM,Western,F,20 to 29,"9,775","1,343",13.74
01/01/2008 12:00:00 AM,Western,F,30 to 39,"11,535","1,299",11.26
01/01/2008 12:00:00 AM,Western,F,40 to 49,"16,270","1,629",10.01
01/01/2008 12:00:00 AM,Western,F,50 to 59,"16,629","1,619",9.74
01/01/2008 12:00:00 AM,Western,F,60 to 69,"13,044","1,283",9.84
01/01/2008 12:00:00 AM,Western,F,70 to 79,"8,205",705,8.59
01/01/2008 12:00:00 AM,Western,F,80 +,"6,724",472,7.02
01/01/2008 12:00:00 AM,Western,M,0 to 9,"9,017","1,264",14.02
01/01/2008 12:00:00 AM,Western,M,10 to 19,"10,670","2,458",23.04
01/01/2008 12:00:00 AM,Western,M,20 to 29,"9,747","1,115",11.44
01/01/2008 12:00:00 AM,Western,M,30 to 39,"11,158",675,6.05
01/01/2008 12:00:00 AM,Western,M,40 to 49,"15,533",901,5.8
01/01/2008 12:00:00 AM,Western,M,50 to 59,"16,298",822,5.04
01/01/2008 12:00:00 AM,Western,M,60 to 69,"12,848",707,5.5
01/01/2008 12:00:00 AM,Western,M,70 to 79,"7,402",428,5.78
01/01/2008 12:00:00 AM,Western,M,80 +,"4,082",254,6.22
01/01/2009 12:00:00 AM,Central,F,0 to 9,"19,052","1,630",8.56
01/01/2009 12:00:00 AM,Central,F,10 to 19,"23,463","4,731",20.16
01/01/2009 12:00:00 AM,Central,F,20 to 29,"26,730","4,120",15.41
01/01/2009 12:00:00 AM,Central,F,30 to 39,"29,139","3,602",12.36
01/01/2009 12:00:00 AM,Central,F,40 to 49,"33,293","3,931",11.81
01/01/2009 12:00:00 AM,Central,F,50 to 59,"29,881","3,646",12.2
01/01/2009 12:00:00 AM,Central,F,60 to 69,"20,573","2,638",12.82
01/01/2009 12:00:00 AM,Central,F,70 to 79,"12,001","1,255",10.46
01/01/2009 12:00:00 AM,Central,F,80 +,"9,822",816,8.31
01/01/2009 12:00:00 AM,Central,M,0 to 9,"20,110","2,516",12.51
01/01/2009 12:00:00 AM,Central,M,10 to 19,"24,315","6,146",25.28
01/01/2009 12:00:00 AM,Central,M,20 to 29,"26,401","3,966",15.02
01/01/2009 12:00:00 AM,Central,M,30 to 39,"26,872","1,928",7.17
01/01/2009 12:00:00 AM,Central,M,40 to 49,"31,579","2,013",6.37
01/01/2009 12:00:00 AM,Central,M,50 to 59,"28,361","1,833",6.46
01/01/2009 12:00:00 AM,Central,M,60 to 69,"19,318","1,192",6.17
01/01/2009 12:00:00 AM,Central,M,70 to 79,"10,224",635,6.21
01/01/2009 12:00:00 AM,Central,M,80 +,"5,318",324,6.09
01/01/2009 12:00:00 AM,Eastern,F,0 to 9,"7,126",549,7.7
01/01/2009 12:00:00 AM,Eastern,F,10 to 19,"8,365","1,599",19.12
01/01/2009 12:00:00 AM,Eastern,F,20 to 29,"8,065","1,042",12.92
01/01/2009 12:00:00 AM,Eastern,F,30 to 39,"9,088",849,9.34
01/01/2009 12:00:00 AM,Eastern,F,40 to 49,"12,145","1,013",8.34
01/01/2009 12:00:00 AM,Eastern,F,50 to 59,"13,904","1,187",8.54
01/01/2009 12:00:00 AM,Eastern,F,60 to 69,"10,833",977,9.02
01/01/2009 12:00:00 AM,Eastern,F,70 to 79,"6,790",524,7.72
01/01/2009 12:00:00 AM,Eastern,F,80 +,"5,595",353,6.31
01/01/2009 12:00:00 AM,Eastern,M,0 to 9,"7,561",881,11.65
01/01/2009 12:00:00 AM,Eastern,M,10 to 19,"8,926","2,205",24.7
01/01/2009 12:00:00 AM,Eastern,M,20 to 29,"8,424","1,090",12.94
01/01/2009 12:00:00 AM,Eastern,M,30 to 39,"9,024",543,6.02
01/01/2009 12:00:00 AM,Eastern,M,40 to 49,"11,819",553,4.68
01/01/2009 12:00:00 AM,Eastern,M,50 to 59,"13,620",630,4.63
01/01/2009 12:00:00 AM,Eastern,M,60 to 69,"10,904",548,5.03
01/01/2009 12:00:00 AM,Eastern,M,70 to 79,"5,921",301,5.08
01/01/2009 12:00:00 AM,Eastern,M,80 +,"2,995",159,5.31
01/01/2009 12:00:00 AM,Northern,F,0 to 9,"7,418",623,8.4
01/01/2009 12:00:00 AM,Northern,F,10 to 19,"7,920","1,443",18.22
01/01/2009 12:00:00 AM,Northern,F,20 to 29,"7,827","1,066",13.62
01/01/2009 12:00:00 AM,Northern,F,30 to 39,"9,421","1,093",11.6
01/01/2009 12:00:00 AM,Northern,F,40 to 49,"11,756","1,177",10.01
01/01/2009 12:00:00 AM,Northern,F,50 to 59,"12,253","1,244",10.15
01/01/2009 12:00:00 AM,Northern,F,60 to 69,"9,410",928,9.86
01/01/2009 12:00:00 AM,Northern,F,70 to 79,"5,786",516,8.92
01/01/2009 12:00:00 AM,Northern,F,80 +,"4,981",319,6.4
01/01/2009 12:00:00 AM,Northern,M,0 to 9,"7,702",913,11.85
01/01/2009 12:00:00 AM,Northern,M,10 to 19,"8,683","2,081",23.97
01/01/2009 12:00:00 AM,Northern,M,20 to 29,"7,930","1,007",12.7
01/01/2009 12:00:00 AM,Northern,M,30 to 39,"9,100",566,6.22
01/01/2009 12:00:00 AM,Northern,M,40 to 49,"11,550",597,5.17
01/01/2009 12:00:00 AM,Northern,M,50 to 59,"12,176",603,4.95
01/01/2009 12:00:00 AM,Northern,M,60 to 69,"9,521",435,4.57
01/01/2009 12:00:00 AM,Northern,M,70 to 79,"5,075",246,4.85
01/01/2009 12:00:00 AM,Northern,M,80 +,"2,750",166,6.04
01/01/2009 12:00:00 AM,Unknown,F,0 to 9,"3,971",239,6.02
01/01/2009 12:00:00 AM,Unknown,F,10 to 19,"7,223","1,148",15.89
01/01/2009 12:00:00 AM,Unknown,F,20 to 29,"10,190","1,253",12.3
01/01/2009 12:00:00 AM,Unknown,F,30 to 39,"6,760",543,8.03
01/01/2009 12:00:00 AM,Unknown,F,40 to 49,"6,071",491,8.09
01/01/2009 12:00:00 AM,Unknown,F,50 to 59,"4,955",416,8.4
01/01/2009 12:00:00 AM,Unknown,F,60 to 69,"3,477",296,8.51
01/01/2009 12:00:00 AM,Unknown,F,70 to 79,"1,774",144,8.12
01/01/2009 12:00:00 AM,Unknown,F,80 +,"1,600",110,6.88
01/01/2009 12:00:00 AM,Unknown,M,0 to 9,"4,116",347,8.43
01/01/2009 12:00:00 AM,Unknown,M,10 to 19,"6,703","1,361",20.3
01/01/2009 12:00:00 AM,Unknown,M,20 to 29,"9,404","1,194",12.7
01/01/2009 12:00:00 AM,Unknown,M,30 to 39,"6,360",324,5.09
01/01/2009 12:00:00 AM,Unknown,M,40 to 49,"5,736",222,3.87
01/01/2009 12:00:00 AM,Unknown,M,50 to 59,"4,473",189,4.23
01/01/2009 12:00:00 AM,Unknown,M,60 to 69,"3,185",138,4.33
01/01/2009 12:00:00 AM,Unknown,M,70 to 79,"1,562",84,5.38
01/01/2009 12:00:00 AM,Unknown,M,80 +,815,32,3.93
01/01/2009 12:00:00 AM,Western,F,0 to 9,"8,486",806,9.5
01/01/2009 12:00:00 AM,Western,F,10 to 19,"9,997","1,917",19.18
01/01/2009 12:00:00 AM,Western,F,20 to 29,"9,792","1,439",14.7
01/01/2009 12:00:00 AM,Western,F,30 to 39,"11,415","1,345",11.78
01/01/2009 12:00:00 AM,Western,F,40 to 49,"15,877","1,646",10.37
01/01/2009 12:00:00 AM,Western,F,50 to 59,"16,972","1,707",10.06
01/01/2009 12:00:00 AM,Western,F,60 to 69,"13,662","1,411",10.33
01/01/2009 12:00:00 AM,Western,F,70 to 79,"8,323",745,8.95
01/01/2009 12:00:00 AM,Western,F,80 +,"6,813",485,7.12
01/01/2009 12:00:00 AM,Western,M,0 to 9,"8,923","1,169",13.1
01/01/2009 12:00:00 AM,Western,M,10 to 19,"10,660","2,506",23.51
01/01/2009 12:00:00 AM,Western,M,20 to 29,"9,867","1,311",13.29
01/01/2009 12:00:00 AM,Western,M,30 to 39,"11,017",683,6.2
01/01/2009 12:00:00 AM,Western,M,40 to 49,"15,237",914,6
01/01/2009 12:00:00 AM,Western,M,50 to 59,"16,472",889,5.4
01/01/2009 12:00:00 AM,Western,M,60 to 69,"13,507",763,5.65
01/01/2009 12:00:00 AM,Western,M,70 to 79,"7,587",441,5.81
01/01/2009 12:00:00 AM,Western,M,80 +,"4,172",265,6.35
01/01/2010 12:00:00 AM,Central,F,0 to 9,"19,281","1,525",7.91
01/01/2010 12:00:00 AM,Central,F,10 to 19,"23,137","4,627",20
01/01/2010 12:00:00 AM,Central,F,20 to 29,"27,253","4,370",16.03
01/01/2010 12:00:00 AM,Central,F,30 to 39,"29,314","3,683",12.56
01/01/2010 12:00:00 AM,Central,F,40 to 49,"33,396","4,042",12.1
01/01/2010 12:00:00 AM,Central,F,50 to 59,"30,883","3,792",12.28
01/01/2010 12:00:00 AM,Central,F,60 to 69,"21,700","2,836",13.07
01/01/2010 12:00:00 AM,Central,F,70 to 79,"12,215","1,308",10.71
01/01/2010 12:00:00 AM,Central,F,80 +,"10,055",868,8.63
01/01/2010 12:00:00 AM,Central,M,0 to 9,"20,390","2,338",11.47
01/01/2010 12:00:00 AM,Central,M,10 to 19,"23,856","6,063",25.41
01/01/2010 12:00:00 AM,Central,M,20 to 29,"27,307","4,398",16.11
01/01/2010 12:00:00 AM,Central,M,30 to 39,"27,222","2,060",7.57
01/01/2010 12:00:00 AM,Central,M,40 to 49,"31,538","2,048",6.49
01/01/2010 12:00:00 AM,Central,M,50 to 59,"29,281","1,924",6.57
01/01/2010 12:00:00 AM,Central,M,60 to 69,"20,385","1,297",6.36
01/01/2010 12:00:00 AM,Central,M,70 to 79,"10,476",674,6.43
01/01/2010 12:00:00 AM,Central,M,80 +,"5,510",334,6.06
01/01/2010 12:00:00 AM,Eastern,F,0 to 9,"7,085",504,7.11
01/01/2010 12:00:00 AM,Eastern,F,10 to 19,"8,306","1,580",19.02
01/01/2010 12:00:00 AM,Eastern,F,20 to 29,"8,109","1,127",13.9
01/01/2010 12:00:00 AM,Eastern,F,30 to 39,"9,073",904,9.96
01/01/2010 12:00:00 AM,Eastern,F,40 to 49,"11,716","1,006",8.59
01/01/2010 12:00:00 AM,Eastern,F,50 to 59,"14,078","1,221",8.67
01/01/2010 12:00:00 AM,Eastern,F,60 to 69,"11,273","1,056",9.37
01/01/2010 12:00:00 AM,Eastern,F,70 to 79,"6,963",562,8.07
01/01/2010 12:00:00 AM,Eastern,F,80 +,"5,548",363,6.54
01/01/2010 12:00:00 AM,Eastern,M,0 to 9,"7,492",790,10.54
01/01/2010 12:00:00 AM,Eastern,M,10 to 19,"8,797","2,235",25.41
01/01/2010 12:00:00 AM,Eastern,M,20 to 29,"8,643","1,242",14.37
01/01/2010 12:00:00 AM,Eastern,M,30 to 39,"8,926",567,6.35
01/01/2010 12:00:00 AM,Eastern,M,40 to 49,"11,503",572,4.97
01/01/2010 12:00:00 AM,Eastern,M,50 to 59,"13,721",656,4.78
01/01/2010 12:00:00 AM,Eastern,M,60 to 69,"11,297",570,5.05
01/01/2010 12:00:00 AM,Eastern,M,70 to 79,"6,105",327,5.36
01/01/2010 12:00:00 AM,Eastern,M,80 +,"3,076",168,5.46
01/01/2010 12:00:00 AM,Northern,F,0 to 9,"7,408",580,7.83
01/01/2010 12:00:00 AM,Northern,F,10 to 19,"7,905","1,420",17.96
01/01/2010 12:00:00 AM,Northern,F,20 to 29,"7,913","1,146",14.48
01/01/2010 12:00:00 AM,Northern,F,30 to 39,"9,268","1,128",12.17
01/01/2010 12:00:00 AM,Northern,F,40 to 49,"11,594","1,191",10.27
01/01/2010 12:00:00 AM,Northern,F,50 to 59,"12,513","1,288",10.29
01/01/2010 12:00:00 AM,Northern,F,60 to 69,"9,785",994,10.16
01/01/2010 12:00:00 AM,Northern,F,70 to 79,"5,840",539,9.23
01/01/2010 12:00:00 AM,Northern,F,80 +,"5,077",336,6.62
01/01/2010 12:00:00 AM,Northern,M,0 to 9,"7,656",839,10.96
01/01/2010 12:00:00 AM,Northern,M,10 to 19,"8,675","2,087",24.06
01/01/2010 12:00:00 AM,Northern,M,20 to 29,"8,074","1,129",13.98
01/01/2010 12:00:00 AM,Northern,M,30 to 39,"8,964",593,6.62
01/01/2010 12:00:00 AM,Northern,M,40 to 49,"11,404",598,5.24
01/01/2010 12:00:00 AM,Northern,M,50 to 59,"12,340",632,5.12
01/01/2010 12:00:00 AM,Northern,M,60 to 69,"9,858",478,4.85
01/01/2010 12:00:00 AM,Northern,M,70 to 79,"5,263",251,4.77
01/01/2010 12:00:00 AM,Northern,M,80 +,"2,844",180,6.33
01/01/2010 12:00:00 AM,Unknown,F,0 to 9,"3,830",227,5.93
01/01/2010 12:00:00 AM,Unknown,F,10 to 19,"6,229",966,15.51
01/01/2010 12:00:00 AM,Unknown,F,20 to 29,"10,147","1,288",12.69
01/01/2010 12:00:00 AM,Unknown,F,30 to 39,"6,427",531,8.26
01/01/2010 12:00:00 AM,Unknown,F,40 to 49,"5,844",464,7.94
01/01/2010 12:00:00 AM,Unknown,F,50 to 59,"4,932",426,8.64
01/01/2010 12:00:00 AM,Unknown,F,60 to 69,"3,555",301,8.47
01/01/2010 12:00:00 AM,Unknown,F,70 to 79,"1,790",154,8.6
01/01/2010 12:00:00 AM,Unknown,F,80 +,"1,586",105,6.62
01/01/2010 12:00:00 AM,Unknown,M,0 to 9,"3,995",319,7.98
01/01/2010 12:00:00 AM,Unknown,M,10 to 19,"5,842","1,169",20.01
01/01/2010 12:00:00 AM,Unknown,M,20 to 29,"9,426","1,301",13.8
01/01/2010 12:00:00 AM,Unknown,M,30 to 39,"6,004",324,5.4
01/01/2010 12:00:00 AM,Unknown,M,40 to 49,"5,647",215,3.81
01/01/2010 12:00:00 AM,Unknown,M,50 to 59,"4,436",202,4.55
01/01/2010 12:00:00 AM,Unknown,M,60 to 69,"3,248",143,4.4
01/01/2010 12:00:00 AM,Unknown,M,70 to 79,"1,568",80,5.1
01/01/2010 12:00:00 AM,Unknown,M,80 +,798,31,3.88
01/01/2010 12:00:00 AM,Western,F,0 to 9,"8,455",753,8.91
01/01/2010 12:00:00 AM,Western,F,10 to 19,"9,949","1,885",18.95
01/01/2010 12:00:00 AM,Western,F,20 to 29,"9,924","1,534",15.46
01/01/2010 12:00:00 AM,Western,F,30 to 39,"11,296","1,371",12.14
01/01/2010 12:00:00 AM,Western,F,40 to 49,"15,446","1,646",10.66
01/01/2010 12:00:00 AM,Western,F,50 to 59,"17,349","1,804",10.4
01/01/2010 12:00:00 AM,Western,F,60 to 69,"14,284","1,513",10.59
01/01/2010 12:00:00 AM,Western,F,70 to 79,"8,525",766,8.99
01/01/2010 12:00:00 AM,Western,F,80 +,"6,946",522,7.52
01/01/2010 12:00:00 AM,Western,M,0 to 9,"8,811","1,077",12.22
01/01/2010 12:00:00 AM,Western,M,10 to 19,"10,656","2,557",24
01/01/2010 12:00:00 AM,Western,M,20 to 29,"10,054","1,469",14.61
01/01/2010 12:00:00 AM,Western,M,30 to 39,"10,809",703,6.5
01/01/2010 12:00:00 AM,Western,M,40 to 49,"14,947",899,6.01
01/01/2010 12:00:00 AM,Western,M,50 to 59,"16,830",950,5.64
01/01/2010 12:00:00 AM,Western,M,60 to 69,"13,936",795,5.7
01/01/2010 12:00:00 AM,Western,M,70 to 79,"7,915",476,6.01
01/01/2010 12:00:00 AM,Western,M,80 +,"4,260",264,6.2
01/01/2011 12:00:00 AM,Central,F,0 to 9,"19,471","1,463",7.51
01/01/2011 12:00:00 AM,Central,F,10 to 19,"22,723","4,431",19.5
01/01/2011 12:00:00 AM,Central,F,20 to 29,"27,787","4,595",16.54
01/01/2011 12:00:00 AM,Central,F,30 to 39,"29,535","3,795",12.85
01/01/2011 12:00:00 AM,Central,F,40 to 49,"33,313","4,098",12.3
01/01/2011 12:00:00 AM,Central,F,50 to 59,"31,896","3,995",12.53
01/01/2011 12:00:00 AM,Central,F,60 to 69,"22,702","2,982",13.14
01/01/2011 12:00:00 AM,Central,F,70 to 79,"12,547","1,410",11.24
01/01/2011 12:00:00 AM,Central,F,80 +,"10,264",907,8.84
01/01/2011 12:00:00 AM,Central,M,0 to 9,"20,641","2,137",10.35
01/01/2011 12:00:00 AM,Central,M,10 to 19,"23,471","5,952",25.36
01/01/2011 12:00:00 AM,Central,M,20 to 29,"28,003","4,773",17.04
01/01/2011 12:00:00 AM,Central,M,30 to 39,"27,397","2,222",8.11
01/01/2011 12:00:00 AM,Central,M,40 to 49,"31,344","2,056",6.56
01/01/2011 12:00:00 AM,Central,M,50 to 59,"30,479","2,035",6.68
01/01/2011 12:00:00 AM,Central,M,60 to 69,"21,137","1,403",6.64
01/01/2011 12:00:00 AM,Central,M,70 to 79,"10,856",711,6.55
01/01/2011 12:00:00 AM,Central,M,80 +,"5,744",372,6.48
01/01/2011 12:00:00 AM,Eastern,F,0 to 9,"7,019",462,6.58
01/01/2011 12:00:00 AM,Eastern,F,10 to 19,"8,277","1,572",18.99
01/01/2011 12:00:00 AM,Eastern,F,20 to 29,"8,136","1,211",14.88
01/01/2011 12:00:00 AM,Eastern,F,30 to 39,"8,944",939,10.5
01/01/2011 12:00:00 AM,Eastern,F,40 to 49,"11,444","1,010",8.83
01/01/2011 12:00:00 AM,Eastern,F,50 to 59,"14,173","1,244",8.78
01/01/2011 12:00:00 AM,Eastern,F,60 to 69,"11,645","1,120",9.62
01/01/2011 12:00:00 AM,Eastern,F,70 to 79,"7,081",590,8.33
01/01/2011 12:00:00 AM,Eastern,F,80 +,"5,642",382,6.77
01/01/2011 12:00:00 AM,Eastern,M,0 to 9,"7,430",752,10.12
01/01/2011 12:00:00 AM,Eastern,M,10 to 19,"8,660","2,202",25.43
01/01/2011 12:00:00 AM,Eastern,M,20 to 29,"8,764","1,380",15.75
01/01/2011 12:00:00 AM,Eastern,M,30 to 39,"8,812",592,6.72
01/01/2011 12:00:00 AM,Eastern,M,40 to 49,"11,242",584,5.19
01/01/2011 12:00:00 AM,Eastern,M,50 to 59,"13,768",679,4.93
01/01/2011 12:00:00 AM,Eastern,M,60 to 69,"11,609",603,5.19
01/01/2011 12:00:00 AM,Eastern,M,70 to 79,"6,332",342,5.4
01/01/2011 12:00:00 AM,Eastern,M,80 +,"3,132",181,5.78
01/01/2011 12:00:00 AM,Northern,F,0 to 9,"7,368",533,7.23
01/01/2011 12:00:00 AM,Northern,F,10 to 19,"7,942","1,402",17.65
01/01/2011 12:00:00 AM,Northern,F,20 to 29,"7,921","1,217",15.36
01/01/2011 12:00:00 AM,Northern,F,30 to 39,"9,152","1,152",12.59
01/01/2011 12:00:00 AM,Northern,F,40 to 49,"11,385","1,207",10.6
01/01/2011 12:00:00 AM,Northern,F,50 to 59,"12,780","1,322",10.34
01/01/2011 12:00:00 AM,Northern,F,60 to 69,"10,104","1,042",10.31
01/01/2011 12:00:00 AM,Northern,F,70 to 79,"5,982",571,9.55
01/01/2011 12:00:00 AM,Northern,F,80 +,"5,066",353,6.97
01/01/2011 12:00:00 AM,Northern,M,0 to 9,"7,619",749,9.83
01/01/2011 12:00:00 AM,Northern,M,10 to 19,"8,661","2,070",23.9
01/01/2011 12:00:00 AM,Northern,M,20 to 29,"8,190","1,272",15.53
01/01/2011 12:00:00 AM,Northern,M,30 to 39,"8,809",608,6.9
01/01/2011 12:00:00 AM,Northern,M,40 to 49,"11,256",604,5.37
01/01/2011 12:00:00 AM,Northern,M,50 to 59,"12,450",655,5.26
01/01/2011 12:00:00 AM,Northern,M,60 to 69,"10,245",522,5.1
01/01/2011 12:00:00 AM,Northern,M,70 to 79,"5,437",257,4.73
01/01/2011 12:00:00 AM,Northern,M,80 +,"2,908",190,6.53
01/01/2011 12:00:00 AM,Unknown,F,0 to 9,"3,791",194,5.12
01/01/2011 12:00:00 AM,Unknown,F,10 to 19,"5,421",837,15.44
01/01/2011 12:00:00 AM,Unknown,F,20 to 29,"9,838","1,276",12.97
01/01/2011 12:00:00 AM,Unknown,F,30 to 39,"6,187",529,8.55
01/01/2011 12:00:00 AM,Unknown,F,40 to 49,"5,674",461,8.12
01/01/2011 12:00:00 AM,Unknown,F,50 to 59,"4,901",415,8.47
01/01/2011 12:00:00 AM,Unknown,F,60 to 69,"3,583",315,8.79
01/01/2011 12:00:00 AM,Unknown,F,70 to 79,"1,796",151,8.41
01/01/2011 12:00:00 AM,Unknown,F,80 +,"1,537",104,6.77
01/01/2011 12:00:00 AM,Unknown,M,0 to 9,"3,952",310,7.84
01/01/2011 12:00:00 AM,Unknown,M,10 to 19,"5,039",976,19.37
01/01/2011 12:00:00 AM,Unknown,M,20 to 29,"9,103","1,380",15.16
01/01/2011 12:00:00 AM,Unknown,M,30 to 39,"5,810",320,5.51
01/01/2011 12:00:00 AM,Unknown,M,40 to 49,"5,450",224,4.11
01/01/2011 12:00:00 AM,Unknown,M,50 to 59,"4,500",198,4.4
01/01/2011 12:00:00 AM,Unknown,M,60 to 69,"3,271",146,4.46
01/01/2011 12:00:00 AM,Unknown,M,70 to 79,"1,603",89,5.55
01/01/2011 12:00:00 AM,Unknown,M,80 +,809,36,4.45
01/01/2011 12:00:00 AM,Western,F,0 to 9,"8,424",688,8.17
01/01/2011 12:00:00 AM,Western,F,10 to 19,"9,999","1,874",18.74
01/01/2011 12:00:00 AM,Western,F,20 to 29,"10,002","1,631",16.31
01/01/2011 12:00:00 AM,Western,F,30 to 39,"11,115","1,383",12.44
01/01/2011 12:00:00 AM,Western,F,40 to 49,"15,083","1,630",10.81
01/01/2011 12:00:00 AM,Western,F,50 to 59,"17,689","1,889",10.68
01/01/2011 12:00:00 AM,Western,F,60 to 69,"14,757","1,607",10.89
01/01/2011 12:00:00 AM,Western,F,70 to 79,"8,724",786,9.01
01/01/2011 12:00:00 AM,Western,F,80 +,"7,095",542,7.64
01/01/2011 12:00:00 AM,Western,M,0 to 9,"8,776",983,11.2
01/01/2011 12:00:00 AM,Western,M,10 to 19,"10,646","2,541",23.87
01/01/2011 12:00:00 AM,Western,M,20 to 29,"10,182","1,642",16.13
01/01/2011 12:00:00 AM,Western,M,30 to 39,"10,694",726,6.79
01/01/2011 12:00:00 AM,Western,M,40 to 49,"14,479",892,6.16
01/01/2011 12:00:00 AM,Western,M,50 to 59,"17,142",992,5.79
01/01/2011 12:00:00 AM,Western,M,60 to 69,"14,407",851,5.91
01/01/2011 12:00:00 AM,Western,M,70 to 79,"8,188",503,6.14
01/01/2011 12:00:00 AM,Western,M,80 +,"4,381",269,6.14
01/01/2012 12:00:00 AM,Central,F,0 to 9,"19,621","1,344",6.85
01/01/2012 12:00:00 AM,Central,F,10 to 19,"22,289","4,216",18.92
01/01/2012 12:00:00 AM,Central,F,20 to 29,"28,021","4,809",17.16
01/01/2012 12:00:00 AM,Central,F,30 to 39,"29,927","3,913",13.08
01/01/2012 12:00:00 AM,Central,F,40 to 49,"32,956","4,087",12.4
01/01/2012 12:00:00 AM,Central,F,50 to 59,"32,918","4,232",12.86
01/01/2012 12:00:00 AM,Central,F,60 to 69,"23,635","3,117",13.19
01/01/2012 12:00:00 AM,Central,F,70 to 79,"13,019","1,555",11.94
01/01/2012 12:00:00 AM,Central,F,80 +,"10,434",930,8.91
01/01/2012 12:00:00 AM,Central,M,0 to 9,"20,819","1,963",9.43
01/01/2012 12:00:00 AM,Central,M,10 to 19,"23,118","5,772",24.97
01/01/2012 12:00:00 AM,Central,M,20 to 29,"28,345","5,140",18.13
01/01/2012 12:00:00 AM,Central,M,30 to 39,"27,709","2,333",8.42
01/01/2012 12:00:00 AM,Central,M,40 to 49,"30,990","2,101",6.78
01/01/2012 12:00:00 AM,Central,M,50 to 59,"31,632","2,143",6.77
01/01/2012 12:00:00 AM,Central,M,60 to 69,"22,052","1,484",6.73
01/01/2012 12:00:00 AM,Central,M,70 to 79,"11,313",777,6.87
01/01/2012 12:00:00 AM,Central,M,80 +,"5,949",382,6.42
01/01/2012 12:00:00 AM,Eastern,F,0 to 9,"6,985",427,6.11
01/01/2012 12:00:00 AM,Eastern,F,10 to 19,"8,186","1,549",18.92
01/01/2012 12:00:00 AM,Eastern,F,20 to 29,"8,197","1,305",15.92
01/01/2012 12:00:00 AM,Eastern,F,30 to 39,"8,860",959,10.82
01/01/2012 12:00:00 AM,Eastern,F,40 to 49,"11,056","1,021",9.23
01/01/2012 12:00:00 AM,Eastern,F,50 to 59,"14,236","1,238",8.7
01/01/2012 12:00:00 AM,Eastern,F,60 to 69,"12,026","1,178",9.8
01/01/2012 12:00:00 AM,Eastern,F,70 to 79,"7,291",636,8.72
01/01/2012 12:00:00 AM,Eastern,F,80 +,"5,676",393,6.92
01/01/2012 12:00:00 AM,Eastern,M,0 to 9,"7,345",689,9.38
01/01/2012 12:00:00 AM,Eastern,M,10 to 19,"8,541","2,160",25.29
01/01/2012 12:00:00 AM,Eastern,M,20 to 29,"8,792","1,516",17.24
01/01/2012 12:00:00 AM,Eastern,M,30 to 39,"8,827",639,7.24
01/01/2012 12:00:00 AM,Eastern,M,40 to 49,"10,903",566,5.19
01/01/2012 12:00:00 AM,Eastern,M,50 to 59,"13,712",716,5.22
01/01/2012 12:00:00 AM,Eastern,M,60 to 69,"11,972",624,5.21
01/01/2012 12:00:00 AM,Eastern,M,70 to 79,"6,587",368,5.59
01/01/2012 12:00:00 AM,Eastern,M,80 +,"3,249",184,5.66
01/01/2012 12:00:00 AM,Northern,F,0 to 9,"7,288",473,6.49
01/01/2012 12:00:00 AM,Northern,F,10 to 19,"7,919","1,390",17.55
01/01/2012 12:00:00 AM,Northern,F,20 to 29,"7,933","1,276",16.08
01/01/2012 12:00:00 AM,Northern,F,30 to 39,"9,109","1,161",12.75
01/01/2012 12:00:00 AM,Northern,F,40 to 49,"11,155","1,219",10.93
01/01/2012 12:00:00 AM,Northern,F,50 to 59,"12,930","1,338",10.35
01/01/2012 12:00:00 AM,Northern,F,60 to 69,"10,456","1,100",10.52
01/01/2012 12:00:00 AM,Northern,F,70 to 79,"6,187",607,9.81
01/01/2012 12:00:00 AM,Northern,F,80 +,"5,069",368,7.26
01/01/2012 12:00:00 AM,Northern,M,0 to 9,"7,586",657,8.66
01/01/2012 12:00:00 AM,Northern,M,10 to 19,"8,582","2,057",23.97
01/01/2012 12:00:00 AM,Northern,M,20 to 29,"8,286","1,401",16.91
01/01/2012 12:00:00 AM,Northern,M,30 to 39,"8,696",640,7.36
01/01/2012 12:00:00 AM,Northern,M,40 to 49,"11,088",591,5.33
01/01/2012 12:00:00 AM,Northern,M,50 to 59,"12,507",695,5.56
01/01/2012 12:00:00 AM,Northern,M,60 to 69,"10,502",538,5.12
01/01/2012 12:00:00 AM,Northern,M,70 to 79,"5,699",280,4.91
01/01/2012 12:00:00 AM,Northern,M,80 +,"2,956",187,6.33
01/01/2012 12:00:00 AM,Unknown,F,0 to 9,"3,732",175,4.69
01/01/2012 12:00:00 AM,Unknown,F,10 to 19,"4,605",683,14.83
01/01/2012 12:00:00 AM,Unknown,F,20 to 29,"9,350","1,252",13.39
01/01/2012 12:00:00 AM,Unknown,F,30 to 39,"5,973",517,8.66
01/01/2012 12:00:00 AM,Unknown,F,40 to 49,"5,338",442,8.28
01/01/2012 12:00:00 AM,Unknown,F,50 to 59,"4,888",416,8.51
01/01/2012 12:00:00 AM,Unknown,F,60 to 69,"3,585",319,8.9
01/01/2012 12:00:00 AM,Unknown,F,70 to 79,"1,786",158,8.85
01/01/2012 12:00:00 AM,Unknown,F,80 +,"1,487",100,6.72
01/01/2012 12:00:00 AM,Unknown,M,0 to 9,"3,833",298,7.77
01/01/2012 12:00:00 AM,Unknown,M,10 to 19,"4,264",820,19.23
01/01/2012 12:00:00 AM,Unknown,M,20 to 29,"8,536","1,331",15.59
01/01/2012 12:00:00 AM,Unknown,M,30 to 39,"5,496",314,5.71
01/01/2012 12:00:00 AM,Unknown,M,40 to 49,"5,172",214,4.14
01/01/2012 12:00:00 AM,Unknown,M,50 to 59,"4,459",201,4.51
01/01/2012 12:00:00 AM,Unknown,M,60 to 69,"3,214",143,4.45
01/01/2012 12:00:00 AM,Unknown,M,70 to 79,"1,645",90,5.47
01/01/2012 12:00:00 AM,Unknown,M,80 +,832,39,4.69
01/01/2012 12:00:00 AM,Western,F,0 to 9,"8,385",609,7.26
01/01/2012 12:00:00 AM,Western,F,10 to 19,"9,939","1,835",18.46
01/01/2012 12:00:00 AM,Western,F,20 to 29,"10,064","1,701",16.9
01/01/2012 12:00:00 AM,Western,F,30 to 39,"11,008","1,414",12.85
01/01/2012 12:00:00 AM,Western,F,40 to 49,"14,678","1,642",11.19
01/01/2012 12:00:00 AM,Western,F,50 to 59,"17,969","1,903",10.59
01/01/2012 12:00:00 AM,Western,F,60 to 69,"15,173","1,692",11.15
01/01/2012 12:00:00 AM,Western,F,70 to 79,"9,091",858,9.44
01/01/2012 12:00:00 AM,Western,F,80 +,"7,199",563,7.82
01/01/2012 12:00:00 AM,Western,M,0 to 9,"8,790",859,9.77
01/01/2012 12:00:00 AM,Western,M,10 to 19,"10,551","2,524",23.92
01/01/2012 12:00:00 AM,Western,M,20 to 29,"10,306","1,830",17.76
01/01/2012 12:00:00 AM,Western,M,30 to 39,"10,545",753,7.14
01/01/2012 12:00:00 AM,Western,M,40 to 49,"14,128",900,6.37
01/01/2012 12:00:00 AM,Western,M,50 to 59,"17,385","1,022",5.88
01/01/2012 12:00:00 AM,Western,M,60 to 69,"14,831",887,5.98
01/01/2012 12:00:00 AM,Western,M,70 to 79,"8,487",531,6.26
01/01/2012 12:00:00 AM,Western,M,80 +,"4,519",285,6.31
01/01/2013 12:00:00 AM,Central,F,0 to 9,"19,726","1,208",6.12
01/01/2013 12:00:00 AM,Central,F,10 to 19,"22,044","4,055",18.4
01/01/2013 12:00:00 AM,Central,F,20 to 29,"28,636","5,026",17.55
01/01/2013 12:00:00 AM,Central,F,30 to 39,"30,165","4,002",13.27
01/01/2013 12:00:00 AM,Central,F,40 to 49,"32,795","4,069",12.41
01/01/2013 12:00:00 AM,Central,F,50 to 59,"33,806","4,425",13.09
01/01/2013 12:00:00 AM,Central,F,60 to 69,"24,676","3,292",13.34
01/01/2013 12:00:00 AM,Central,F,70 to 79,"13,562","1,638",12.08
01/01/2013 12:00:00 AM,Central,F,80 +,"10,616",981,9.24
01/01/2013 12:00:00 AM,Central,M,0 to 9,"20,935","1,777",8.49
01/01/2013 12:00:00 AM,Central,M,10 to 19,"22,843","5,556",24.32
01/01/2013 12:00:00 AM,Central,M,20 to 29,"28,760","5,529",19.22
01/01/2013 12:00:00 AM,Central,M,30 to 39,"28,326","2,517",8.89
01/01/2013 12:00:00 AM,Central,M,40 to 49,"30,706","2,130",6.94
01/01/2013 12:00:00 AM,Central,M,50 to 59,"32,796","2,256",6.88
01/01/2013 12:00:00 AM,Central,M,60 to 69,"22,990","1,537",6.69
01/01/2013 12:00:00 AM,Central,M,70 to 79,"11,890",855,7.19
01/01/2013 12:00:00 AM,Central,M,80 +,"6,131",398,6.49
01/01/2013 12:00:00 AM,Eastern,F,0 to 9,"6,967",406,5.83
01/01/2013 12:00:00 AM,Eastern,F,10 to 19,"8,058","1,484",18.42
01/01/2013 12:00:00 AM,Eastern,F,20 to 29,"8,253","1,405",17.02
01/01/2013 12:00:00 AM,Eastern,F,30 to 39,"8,800",965,10.97
01/01/2013 12:00:00 AM,Eastern,F,40 to 49,"10,788","1,032",9.57
01/01/2013 12:00:00 AM,Eastern,F,50 to 59,"14,150","1,250",8.83
01/01/2013 12:00:00 AM,Eastern,F,60 to 69,"12,368","1,219",9.86
01/01/2013 12:00:00 AM,Eastern,F,70 to 79,"7,568",713,9.42
01/01/2013 12:00:00 AM,Eastern,F,80 +,"5,740",393,6.85
01/01/2013 12:00:00 AM,Eastern,M,0 to 9,"7,219",632,8.75
01/01/2013 12:00:00 AM,Eastern,M,10 to 19,"8,517","2,105",24.72
01/01/2013 12:00:00 AM,Eastern,M,20 to 29,"8,802","1,651",18.76
01/01/2013 12:00:00 AM,Eastern,M,30 to 39,"8,882",677,7.62
01/01/2013 12:00:00 AM,Eastern,M,40 to 49,"10,641",580,5.45
01/01/2013 12:00:00 AM,Eastern,M,50 to 59,"13,605",730,5.37
01/01/2013 12:00:00 AM,Eastern,M,60 to 69,"12,324",641,5.2
01/01/2013 12:00:00 AM,Eastern,M,70 to 79,"6,872",414,6.02
01/01/2013 12:00:00 AM,Eastern,M,80 +,"3,320",194,5.84
01/01/2013 12:00:00 AM,Northern,F,0 to 9,"7,185",415,5.78
01/01/2013 12:00:00 AM,Northern,F,10 to 19,"7,923","1,359",17.15
01/01/2013 12:00:00 AM,Northern,F,20 to 29,"7,929","1,330",16.77
01/01/2013 12:00:00 AM,Northern,F,30 to 39,"9,002","1,171",13.01
01/01/2013 12:00:00 AM,Northern,F,40 to 49,"11,029","1,229",11.14
01/01/2013 12:00:00 AM,Northern,F,50 to 59,"12,960","1,349",10.41
01/01/2013 12:00:00 AM,Northern,F,60 to 69,"10,888","1,173",10.77
01/01/2013 12:00:00 AM,Northern,F,70 to 79,"6,370",618,9.7
01/01/2013 12:00:00 AM,Northern,F,80 +,"5,101",375,7.35
01/01/2013 12:00:00 AM,Northern,M,0 to 9,"7,570",608,8.03
01/01/2013 12:00:00 AM,Northern,M,10 to 19,"8,481","1,991",23.48
01/01/2013 12:00:00 AM,Northern,M,20 to 29,"8,306","1,516",18.25
01/01/2013 12:00:00 AM,Northern,M,30 to 39,"8,762",677,7.73
01/01/2013 12:00:00 AM,Northern,M,40 to 49,"10,897",605,5.55
01/01/2013 12:00:00 AM,Northern,M,50 to 59,"12,618",720,5.71
01/01/2013 12:00:00 AM,Northern,M,60 to 69,"10,820",553,5.11
01/01/2013 12:00:00 AM,Northern,M,70 to 79,"5,978",295,4.93
01/01/2013 12:00:00 AM,Northern,M,80 +,"3,041",187,6.15
01/01/2013 12:00:00 AM,Unknown,F,0 to 9,"3,458",138,3.99
01/01/2013 12:00:00 AM,Unknown,F,10 to 19,"3,844",544,14.15
01/01/2013 12:00:00 AM,Unknown,F,20 to 29,"8,627","1,170",13.56
01/01/2013 12:00:00 AM,Unknown,F,30 to 39,"5,559",497,8.94
01/01/2013 12:00:00 AM,Unknown,F,40 to 49,"4,976",426,8.56
01/01/2013 12:00:00 AM,Unknown,F,50 to 59,"4,724",402,8.51
01/01/2013 12:00:00 AM,Unknown,F,60 to 69,"3,523",317,9
01/01/2013 12:00:00 AM,Unknown,F,70 to 79,"1,841",178,9.67
01/01/2013 12:00:00 AM,Unknown,F,80 +,"1,437",100,6.96
01/01/2013 12:00:00 AM,Unknown,M,0 to 9,"3,510",226,6.44
01/01/2013 12:00:00 AM,Unknown,M,10 to 19,"3,586",673,18.77
01/01/2013 12:00:00 AM,Unknown,M,20 to 29,"7,664","1,221",15.93
01/01/2013 12:00:00 AM,Unknown,M,30 to 39,"5,175",297,5.74
01/01/2013 12:00:00 AM,Unknown,M,40 to 49,"4,800",199,4.15
01/01/2013 12:00:00 AM,Unknown,M,50 to 59,"4,470",199,4.45
01/01/2013 12:00:00 AM,Unknown,M,60 to 69,"3,205",135,4.21
01/01/2013 12:00:00 AM,Unknown,M,70 to 79,"1,633",89,5.45
01/01/2013 12:00:00 AM,Unknown,M,80 +,869,39,4.49
01/01/2013 12:00:00 AM,Western,F,0 to 9,"8,339",546,6.55
01/01/2013 12:00:00 AM,Western,F,10 to 19,"9,820","1,830",18.64
01/01/2013 12:00:00 AM,Western,F,20 to 29,"10,147","1,747",17.22
01/01/2013 12:00:00 AM,Western,F,30 to 39,"10,972","1,449",13.21
01/01/2013 12:00:00 AM,Western,F,40 to 49,"14,139","1,601",11.32
01/01/2013 12:00:00 AM,Western,F,50 to 59,"18,252","1,942",10.64
01/01/2013 12:00:00 AM,Western,F,60 to 69,"15,626","1,780",11.39
01/01/2013 12:00:00 AM,Western,F,70 to 79,"9,463",898,9.49
01/01/2013 12:00:00 AM,Western,F,80 +,"7,298",580,7.95
01/01/2013 12:00:00 AM,Western,M,0 to 9,"8,703",729,8.38
01/01/2013 12:00:00 AM,Western,M,10 to 19,"10,479","2,490",23.76
01/01/2013 12:00:00 AM,Western,M,20 to 29,"10,411","1,969",18.91
01/01/2013 12:00:00 AM,Western,M,30 to 39,"10,497",817,7.78
01/01/2013 12:00:00 AM,Western,M,40 to 49,"13,742",887,6.45
01/01/2013 12:00:00 AM,Western,M,50 to 59,"17,598","1,060",6.02
01/01/2013 12:00:00 AM,Western,M,60 to 69,"15,287",922,6.03
01/01/2013 12:00:00 AM,Western,M,70 to 79,"8,837",554,6.27
01/01/2013 12:00:00 AM,Western,M,80 +,"4,607",295,6.4
01/01/2014 12:00:00 AM,Central,F,0 to 9,"19,877","1,073",5.4
01/01/2014 12:00:00 AM,Central,F,10 to 19,"21,876","3,861",17.65
01/01/2014 12:00:00 AM,Central,F,20 to 29,"28,982","5,229",18.04
01/01/2014 12:00:00 AM,Central,F,30 to 39,"30,667","4,100",13.37
01/01/2014 12:00:00 AM,Central,F,40 to 49,"32,411","4,114",12.69
01/01/2014 12:00:00 AM,Central,F,50 to 59,"34,632","4,539",13.11
01/01/2014 12:00:00 AM,Central,F,60 to 69,"25,737","3,410",13.25
01/01/2014 12:00:00 AM,Central,F,70 to 79,"14,198","1,801",12.68
01/01/2014 12:00:00 AM,Central,F,80 +,"10,749","1,012",9.41
01/01/2014 12:00:00 AM,Central,M,0 to 9,"21,173","1,613",7.62
01/01/2014 12:00:00 AM,Central,M,10 to 19,"22,637","5,342",23.6
01/01/2014 12:00:00 AM,Central,M,20 to 29,"29,130","5,829",20.01
01/01/2014 12:00:00 AM,Central,M,30 to 39,"28,921","2,735",9.46
01/01/2014 12:00:00 AM,Central,M,40 to 49,"30,421","2,153",7.08
01/01/2014 12:00:00 AM,Central,M,50 to 59,"33,576","2,330",6.94
01/01/2014 12:00:00 AM,Central,M,60 to 69,"23,952","1,619",6.76
01/01/2014 12:00:00 AM,Central,M,70 to 79,"12,535",923,7.36
01/01/2014 12:00:00 AM,Central,M,80 +,"6,346",424,6.68
01/01/2014 12:00:00 AM,Eastern,F,0 to 9,"6,852",360,5.25
01/01/2014 12:00:00 AM,Eastern,F,10 to 19,"8,009","1,418",17.71
01/01/2014 12:00:00 AM,Eastern,F,20 to 29,"8,336","1,486",17.83
01/01/2014 12:00:00 AM,Eastern,F,30 to 39,"8,717",998,11.45
01/01/2014 12:00:00 AM,Eastern,F,40 to 49,"10,455","1,038",9.93
01/01/2014 12:00:00 AM,Eastern,F,50 to 59,"14,117","1,265",8.96
01/01/2014 12:00:00 AM,Eastern,F,60 to 69,"12,799","1,263",9.87
01/01/2014 12:00:00 AM,Eastern,F,70 to 79,"7,823",762,9.74
01/01/2014 12:00:00 AM,Eastern,F,80 +,"5,783",399,6.9
01/01/2014 12:00:00 AM,Eastern,M,0 to 9,"7,192",599,8.33
01/01/2014 12:00:00 AM,Eastern,M,10 to 19,"8,412","1,987",23.62
01/01/2014 12:00:00 AM,Eastern,M,20 to 29,"8,894","1,803",20.27
01/01/2014 12:00:00 AM,Eastern,M,30 to 39,"8,784",737,8.39
01/01/2014 12:00:00 AM,Eastern,M,40 to 49,"10,443",610,5.84
01/01/2014 12:00:00 AM,Eastern,M,50 to 59,"13,451",731,5.43
01/01/2014 12:00:00 AM,Eastern,M,60 to 69,"12,767",664,5.2
01/01/2014 12:00:00 AM,Eastern,M,70 to 79,"7,053",432,6.13
01/01/2014 12:00:00 AM,Eastern,M,80 +,"3,405",207,6.08
01/01/2014 12:00:00 AM,Northern,F,0 to 9,"7,130",385,5.4
01/01/2014 12:00:00 AM,Northern,F,10 to 19,"7,887","1,292",16.38
01/01/2014 12:00:00 AM,Northern,F,20 to 29,"8,014","1,413",17.63
01/01/2014 12:00:00 AM,Northern,F,30 to 39,"8,876","1,152",12.98
01/01/2014 12:00:00 AM,Northern,F,40 to 49,"10,845","1,251",11.54
01/01/2014 12:00:00 AM,Northern,F,50 to 59,"12,930","1,373",10.62
01/01/2014 12:00:00 AM,Northern,F,60 to 69,"11,382","1,228",10.79
01/01/2014 12:00:00 AM,Northern,F,70 to 79,"6,533",649,9.93
01/01/2014 12:00:00 AM,Northern,F,80 +,"5,127",390,7.61
01/01/2014 12:00:00 AM,Northern,M,0 to 9,"7,531",553,7.34
01/01/2014 12:00:00 AM,Northern,M,10 to 19,"8,384","1,897",22.63
01/01/2014 12:00:00 AM,Northern,M,20 to 29,"8,338","1,635",19.61
01/01/2014 12:00:00 AM,Northern,M,30 to 39,"8,729",712,8.16
01/01/2014 12:00:00 AM,Northern,M,40 to 49,"10,562",620,5.87
01/01/2014 12:00:00 AM,Northern,M,50 to 59,"12,713",736,5.79
01/01/2014 12:00:00 AM,Northern,M,60 to 69,"11,190",579,5.17
01/01/2014 12:00:00 AM,Northern,M,70 to 79,"6,230",315,5.06
01/01/2014 12:00:00 AM,Northern,M,80 +,"3,106",177,5.7
01/01/2014 12:00:00 AM,Unknown,F,0 to 9,"3,197",130,4.07
01/01/2014 12:00:00 AM,Unknown,F,10 to 19,"3,160",423,13.39
01/01/2014 12:00:00 AM,Unknown,F,20 to 29,"7,654","1,055",13.78
01/01/2014 12:00:00 AM,Unknown,F,30 to 39,"5,090",445,8.74
01/01/2014 12:00:00 AM,Unknown,F,40 to 49,"4,552",388,8.52
01/01/2014 12:00:00 AM,Unknown,F,50 to 59,"4,550",403,8.86
01/01/2014 12:00:00 AM,Unknown,F,60 to 69,"3,477",323,9.29
01/01/2014 12:00:00 AM,Unknown,F,70 to 79,"1,841",179,9.72
01/01/2014 12:00:00 AM,Unknown,F,80 +,"1,387",98,7.07
01/01/2014 12:00:00 AM,Unknown,M,0 to 9,"3,238",192,5.93
01/01/2014 12:00:00 AM,Unknown,M,10 to 19,"3,009",530,17.61
01/01/2014 12:00:00 AM,Unknown,M,20 to 29,"6,728","1,090",16.2
01/01/2014 12:00:00 AM,Unknown,M,30 to 39,"4,724",299,6.33
01/01/2014 12:00:00 AM,Unknown,M,40 to 49,"4,368",185,4.24
01/01/2014 12:00:00 AM,Unknown,M,50 to 59,"4,296",195,4.54
01/01/2014 12:00:00 AM,Unknown,M,60 to 69,"3,140",128,4.08
01/01/2014 12:00:00 AM,Unknown,M,70 to 79,"1,648",89,5.4
01/01/2014 12:00:00 AM,Unknown,M,80 +,887,45,5.07
01/01/2014 12:00:00 AM,Western,F,0 to 9,"8,365",476,5.69
01/01/2014 12:00:00 AM,Western,F,10 to 19,"9,717","1,772",18.24
01/01/2014 12:00:00 AM,Western,F,20 to 29,"10,195","1,831",17.96
01/01/2014 12:00:00 AM,Western,F,30 to 39,"10,944","1,454",13.29
01/01/2014 12:00:00 AM,Western,F,40 to 49,"13,683","1,582",11.56
01/01/2014 12:00:00 AM,Western,F,50 to 59,"18,348","2,022",11.02
01/01/2014 12:00:00 AM,Western,F,60 to 69,"16,229","1,848",11.39
01/01/2014 12:00:00 AM,Western,F,70 to 79,"9,770",981,10.04
01/01/2014 12:00:00 AM,Western,F,80 +,"7,436",600,8.07
01/01/2014 12:00:00 AM,Western,M,0 to 9,"8,754",651,7.44
01/01/2014 12:00:00 AM,Western,M,10 to 19,"10,317","2,409",23.35
01/01/2014 12:00:00 AM,Western,M,20 to 29,"10,476","2,126",20.29
01/01/2014 12:00:00 AM,Western,M,30 to 39,"10,479",883,8.43
01/01/2014 12:00:00 AM,Western,M,40 to 49,"13,282",884,6.66
01/01/2014 12:00:00 AM,Western,M,50 to 59,"17,698","1,058",5.98
01/01/2014 12:00:00 AM,Western,M,60 to 69,"15,747",972,6.17
01/01/2014 12:00:00 AM,Western,M,70 to 79,"9,167",581,6.34
01/01/2014 12:00:00 AM,Western,M,80 +,"4,784",304,6.35
01/01/2015 12:00:00 AM,Central,F,0 to 9,"20,303",979,4.82
01/01/2015 12:00:00 AM,Central,F,10 to 19,"21,684","3,643",16.8
01/01/2015 12:00:00 AM,Central,F,20 to 29,"29,557","5,381",18.21
01/01/2015 12:00:00 AM,Central,F,30 to 39,"31,290","4,196",13.41
01/01/2015 12:00:00 AM,Central,F,40 to 49,"32,516","4,167",12.82
01/01/2015 12:00:00 AM,Central,F,50 to 59,"35,039","4,633",13.22
01/01/2015 12:00:00 AM,Central,F,60 to 69,"26,923","3,650",13.56
01/01/2015 12:00:00 AM,Central,F,70 to 79,"14,924","1,919",12.86
01/01/2015 12:00:00 AM,Central,F,80 +,"10,710","1,013",9.46
01/01/2015 12:00:00 AM,Central,M,0 to 9,"21,553","1,511",7.01
01/01/2015 12:00:00 AM,Central,M,10 to 19,"22,652","5,055",22.32
01/01/2015 12:00:00 AM,Central,M,20 to 29,"29,485","6,079",20.62
01/01/2015 12:00:00 AM,Central,M,30 to 39,"29,802","3,035",10.18
01/01/2015 12:00:00 AM,Central,M,40 to 49,"30,434","2,210",7.26
01/01/2015 12:00:00 AM,Central,M,50 to 59,"34,170","2,429",7.11
01/01/2015 12:00:00 AM,Central,M,60 to 69,"24,985","1,697",6.79
01/01/2015 12:00:00 AM,Central,M,70 to 79,"13,153",959,7.29
01/01/2015 12:00:00 AM,Central,M,80 +,"6,531",447,6.84
01/01/2015 12:00:00 AM,Eastern,F,0 to 9,"6,737",358,5.31
01/01/2015 12:00:00 AM,Eastern,F,10 to 19,"7,952","1,322",16.62
01/01/2015 12:00:00 AM,Eastern,F,20 to 29,"8,462","1,602",18.93
01/01/2015 12:00:00 AM,Eastern,F,30 to 39,"8,719","1,005",11.53
01/01/2015 12:00:00 AM,Eastern,F,40 to 49,"10,251","1,036",10.11
01/01/2015 12:00:00 AM,Eastern,F,50 to 59,"13,960","1,294",9.27
01/01/2015 12:00:00 AM,Eastern,F,60 to 69,"13,210","1,332",10.08
01/01/2015 12:00:00 AM,Eastern,F,70 to 79,"8,042",795,9.89
01/01/2015 12:00:00 AM,Eastern,F,80 +,"5,818",403,6.93
01/01/2015 12:00:00 AM,Eastern,M,0 to 9,"7,160",544,7.6
01/01/2015 12:00:00 AM,Eastern,M,10 to 19,"8,279","1,864",22.51
01/01/2015 12:00:00 AM,Eastern,M,20 to 29,"8,988","1,963",21.84
01/01/2015 12:00:00 AM,Eastern,M,30 to 39,"8,824",804,9.11
01/01/2015 12:00:00 AM,Eastern,M,40 to 49,"10,357",639,6.17
01/01/2015 12:00:00 AM,Eastern,M,50 to 59,"13,251",730,5.51
01/01/2015 12:00:00 AM,Eastern,M,60 to 69,"13,034",704,5.4
01/01/2015 12:00:00 AM,Eastern,M,70 to 79,"7,277",433,5.95
01/01/2015 12:00:00 AM,Eastern,M,80 +,"3,520",218,6.19
01/01/2015 12:00:00 AM,Northern,F,0 to 9,"7,083",349,4.93
01/01/2015 12:00:00 AM,Northern,F,10 to 19,"7,886","1,246",15.8
01/01/2015 12:00:00 AM,Northern,F,20 to 29,"8,147","1,492",18.31
01/01/2015 12:00:00 AM,Northern,F,30 to 39,"8,877","1,188",13.38
01/01/2015 12:00:00 AM,Northern,F,40 to 49,"10,628","1,236",11.63
01/01/2015 12:00:00 AM,Northern,F,50 to 59,"12,929","1,376",10.64
01/01/2015 12:00:00 AM,Northern,F,60 to 69,"11,698","1,275",10.9
01/01/2015 12:00:00 AM,Northern,F,70 to 79,"6,799",704,10.35
01/01/2015 12:00:00 AM,Northern,F,80 +,"5,080",388,7.64
01/01/2015 12:00:00 AM,Northern,M,0 to 9,"7,440",506,6.8
01/01/2015 12:00:00 AM,Northern,M,10 to 19,"8,338","1,772",21.25
01/01/2015 12:00:00 AM,Northern,M,20 to 29,"8,462","1,774",20.96
01/01/2015 12:00:00 AM,Northern,M,30 to 39,"8,736",776,8.88
01/01/2015 12:00:00 AM,Northern,M,40 to 49,"10,422",631,6.05
01/01/2015 12:00:00 AM,Northern,M,50 to 59,"12,613",733,5.81
01/01/2015 12:00:00 AM,Northern,M,60 to 69,"11,521",621,5.39
01/01/2015 12:00:00 AM,Northern,M,70 to 79,"6,502",336,5.17
01/01/2015 12:00:00 AM,Northern,M,80 +,"3,180",178,5.6
01/01/2015 12:00:00 AM,Unknown,F,0 to 9,"2,934",105,3.58
01/01/2015 12:00:00 AM,Unknown,F,10 to 19,"2,541",326,12.83
01/01/2015 12:00:00 AM,Unknown,F,20 to 29,"6,444",888,13.78
01/01/2015 12:00:00 AM,Unknown,F,30 to 39,"4,616",394,8.54
01/01/2015 12:00:00 AM,Unknown,F,40 to 49,"4,181",351,8.4
01/01/2015 12:00:00 AM,Unknown,F,50 to 59,"4,179",389,9.31
01/01/2015 12:00:00 AM,Unknown,F,60 to 69,"3,396",318,9.36
01/01/2015 12:00:00 AM,Unknown,F,70 to 79,"1,819",169,9.29
01/01/2015 12:00:00 AM,Unknown,F,80 +,"1,347",99,7.35
01/01/2015 12:00:00 AM,Unknown,M,0 to 9,"2,914",152,5.22
01/01/2015 12:00:00 AM,Unknown,M,10 to 19,"2,552",428,16.77
01/01/2015 12:00:00 AM,Unknown,M,20 to 29,"5,656",922,16.3
01/01/2015 12:00:00 AM,Unknown,M,30 to 39,"4,229",277,6.55
01/01/2015 12:00:00 AM,Unknown,M,40 to 49,"3,964",168,4.24
01/01/2015 12:00:00 AM,Unknown,M,50 to 59,"4,018",176,4.38
01/01/2015 12:00:00 AM,Unknown,M,60 to 69,"3,099",136,4.39
01/01/2015 12:00:00 AM,Unknown,M,70 to 79,"1,662",82,4.93
01/01/2015 12:00:00 AM,Unknown,M,80 +,893,41,4.59
01/01/2015 12:00:00 AM,Western,F,0 to 9,"8,425",438,5.2
01/01/2015 12:00:00 AM,Western,F,10 to 19,"9,673","1,696",17.53
01/01/2015 12:00:00 AM,Western,F,20 to 29,"10,352","1,948",18.82
01/01/2015 12:00:00 AM,Western,F,30 to 39,"10,990","1,466",13.34
01/01/2015 12:00:00 AM,Western,F,40 to 49,"13,362","1,585",11.86
01/01/2015 12:00:00 AM,Western,F,50 to 59,"18,325","2,051",11.19
01/01/2015 12:00:00 AM,Western,F,60 to 69,"16,707","1,924",11.52
01/01/2015 12:00:00 AM,Western,F,70 to 79,"10,220","1,051",10.28
01/01/2015 12:00:00 AM,Western,F,80 +,"7,530",614,8.15
01/01/2015 12:00:00 AM,Western,M,0 to 9,"8,798",604,6.87
01/01/2015 12:00:00 AM,Western,M,10 to 19,"10,245","2,282",22.27
01/01/2015 12:00:00 AM,Western,M,20 to 29,"10,694","2,293",21.44
01/01/2015 12:00:00 AM,Western,M,30 to 39,"10,523",958,9.1
01/01/2015 12:00:00 AM,Western,M,40 to 49,"13,009",905,6.96
01/01/2015 12:00:00 AM,Western,M,50 to 59,"17,700","1,087",6.14
01/01/2015 12:00:00 AM,Western,M,60 to 69,"16,150",988,6.12
01/01/2015 12:00:00 AM,Western,M,70 to 79,"9,582",604,6.3
01/01/2015 12:00:00 AM,Western,M,80 +,"4,948",317,6.41
01/01/2016 12:00:00 AM,Central,F,0 to 9,"20,896",946,4.53
01/01/2016 12:00:00 AM,Central,F,10 to 19,"21,666","3,435",15.85
01/01/2016 12:00:00 AM,Central,F,20 to 29,"30,153","5,459",18.1
01/01/2016 12:00:00 AM,Central,F,30 to 39,"32,474","4,384",13.5
01/01/2016 12:00:00 AM,Central,F,40 to 49,"32,614","4,213",12.92
01/01/2016 12:00:00 AM,Central,F,50 to 59,"35,379","4,760",13.45
01/01/2016 12:00:00 AM,Central,F,60 to 69,"27,693","3,733",13.48
01/01/2016 12:00:00 AM,Central,F,70 to 79,"16,059","2,144",13.35
01/01/2016 12:00:00 AM,Central,F,80 +,"10,830","1,039",9.59
01/01/2016 12:00:00 AM,Central,M,0 to 9,"22,064","1,468",6.65
01/01/2016 12:00:00 AM,Central,M,10 to 19,"22,606","4,760",21.06
01/01/2016 12:00:00 AM,Central,M,20 to 29,"30,190","6,342",21.01
01/01/2016 12:00:00 AM,Central,M,30 to 39,"30,958","3,343",10.8
01/01/2016 12:00:00 AM,Central,M,40 to 49,"30,774","2,302",7.48
01/01/2016 12:00:00 AM,Central,M,50 to 59,"34,501","2,445",7.09
01/01/2016 12:00:00 AM,Central,M,60 to 69,"25,736","1,819",7.07
01/01/2016 12:00:00 AM,Central,M,70 to 79,"14,115","1,029",7.29
01/01/2016 12:00:00 AM,Central,M,80 +,"6,782",466,6.87
01/01/2016 12:00:00 AM,Eastern,F,0 to 9,"6,788",342,5.04
01/01/2016 12:00:00 AM,Eastern,F,10 to 19,"7,847","1,237",15.76
01/01/2016 12:00:00 AM,Eastern,F,20 to 29,"8,610","1,664",19.33
01/01/2016 12:00:00 AM,Eastern,F,30 to 39,"8,809","1,084",12.31
01/01/2016 12:00:00 AM,Eastern,F,40 to 49,"10,056","1,024",10.18
01/01/2016 12:00:00 AM,Eastern,F,50 to 59,"13,702","1,300",9.49
01/01/2016 12:00:00 AM,Eastern,F,60 to 69,"13,365","1,355",10.14
01/01/2016 12:00:00 AM,Eastern,F,70 to 79,"8,449",848,10.04
01/01/2016 12:00:00 AM,Eastern,F,80 +,"5,942",430,7.24
01/01/2016 12:00:00 AM,Eastern,M,0 to 9,"7,151",499,6.98
01/01/2016 12:00:00 AM,Eastern,M,10 to 19,"8,177","1,754",21.45
01/01/2016 12:00:00 AM,Eastern,M,20 to 29,"9,129","2,100",23
01/01/2016 12:00:00 AM,Eastern,M,30 to 39,"8,947",891,9.96
01/01/2016 12:00:00 AM,Eastern,M,40 to 49,"10,156",648,6.38
01/01/2016 12:00:00 AM,Eastern,M,50 to 59,"13,087",740,5.65
01/01/2016 12:00:00 AM,Eastern,M,60 to 69,"13,115",713,5.44
01/01/2016 12:00:00 AM,Eastern,M,70 to 79,"7,752",466,6.01
01/01/2016 12:00:00 AM,Eastern,M,80 +,"3,630",224,6.17
01/01/2016 12:00:00 AM,Northern,F,0 to 9,"7,039",306,4.35
01/01/2016 12:00:00 AM,Northern,F,10 to 19,"7,898","1,228",15.55
01/01/2016 12:00:00 AM,Northern,F,20 to 29,"8,318","1,541",18.53
01/01/2016 12:00:00 AM,Northern,F,30 to 39,"8,849","1,175",13.28
01/01/2016 12:00:00 AM,Northern,F,40 to 49,"10,571","1,282",12.13
01/01/2016 12:00:00 AM,Northern,F,50 to 59,"12,904","1,371",10.62
01/01/2016 12:00:00 AM,Northern,F,60 to 69,"11,839","1,311",11.07
01/01/2016 12:00:00 AM,Northern,F,70 to 79,"7,215",782,10.84
01/01/2016 12:00:00 AM,Northern,F,80 +,"5,161",395,7.65
01/01/2016 12:00:00 AM,Northern,M,0 to 9,"7,353",468,6.36
01/01/2016 12:00:00 AM,Northern,M,10 to 19,"8,298","1,683",20.28
01/01/2016 12:00:00 AM,Northern,M,20 to 29,"8,739","1,894",21.67
01/01/2016 12:00:00 AM,Northern,M,30 to 39,"8,711",830,9.53
01/01/2016 12:00:00 AM,Northern,M,40 to 49,"10,396",657,6.32
01/01/2016 12:00:00 AM,Northern,M,50 to 59,"12,533",718,5.73
01/01/2016 12:00:00 AM,Northern,M,60 to 69,"11,657",659,5.65
01/01/2016 12:00:00 AM,Northern,M,70 to 79,"6,976",361,5.17
01/01/2016 12:00:00 AM,Northern,M,80 +,"3,291",183,5.56
01/01/2016 12:00:00 AM,Unknown,F,0 to 9,"2,546",89,3.5
01/01/2016 12:00:00 AM,Unknown,F,10 to 19,"2,072",257,12.4
01/01/2016 12:00:00 AM,Unknown,F,20 to 29,"5,404",737,13.64
01/01/2016 12:00:00 AM,Unknown,F,30 to 39,"4,096",366,8.94
01/01/2016 12:00:00 AM,Unknown,F,40 to 49,"3,730",301,8.07
01/01/2016 12:00:00 AM,Unknown,F,50 to 59,"3,854",358,9.29
01/01/2016 12:00:00 AM,Unknown,F,60 to 69,"3,207",317,9.88
01/01/2016 12:00:00 AM,Unknown,F,70 to 79,"1,879",169,8.99
01/01/2016 12:00:00 AM,Unknown,F,80 +,"1,307",95,7.27
01/01/2016 12:00:00 AM,Unknown,M,0 to 9,"2,577",145,5.63
01/01/2016 12:00:00 AM,Unknown,M,10 to 19,"2,127",331,15.56
01/01/2016 12:00:00 AM,Unknown,M,20 to 29,"4,752",774,16.29
01/01/2016 12:00:00 AM,Unknown,M,30 to 39,"3,811",258,6.77
01/01/2016 12:00:00 AM,Unknown,M,40 to 49,"3,555",154,4.33
01/01/2016 12:00:00 AM,Unknown,M,50 to 59,"3,695",164,4.44
01/01/2016 12:00:00 AM,Unknown,M,60 to 69,"2,988",126,4.22
01/01/2016 12:00:00 AM,Unknown,M,70 to 79,"1,686",87,5.16
01/01/2016 12:00:00 AM,Unknown,M,80 +,915,46,5.03
01/01/2016 12:00:00 AM,Western,F,0 to 9,"8,489",394,4.64
01/01/2016 12:00:00 AM,Western,F,10 to 19,"9,656","1,673",17.33
01/01/2016 12:00:00 AM,Western,F,20 to 29,"10,550","2,002",18.98
01/01/2016 12:00:00 AM,Western,F,30 to 39,"11,139","1,512",13.57
01/01/2016 12:00:00 AM,Western,F,40 to 49,"13,250","1,604",12.11
01/01/2016 12:00:00 AM,Western,F,50 to 59,"18,168","2,081",11.45
01/01/2016 12:00:00 AM,Western,F,60 to 69,"16,967","1,931",11.38
01/01/2016 12:00:00 AM,Western,F,70 to 79,"10,957","1,185",10.82
01/01/2016 12:00:00 AM,Western,F,80 +,"7,609",633,8.32
01/01/2016 12:00:00 AM,Western,M,0 to 9,"8,913",558,6.26
01/01/2016 12:00:00 AM,Western,M,10 to 19,"10,156","2,166",21.33
01/01/2016 12:00:00 AM,Western,M,20 to 29,"10,933","2,445",22.36
01/01/2016 12:00:00 AM,Western,M,30 to 39,"10,703","1,043",9.74
01/01/2016 12:00:00 AM,Western,M,40 to 49,"12,824",939,7.32
01/01/2016 12:00:00 AM,Western,M,50 to 59,"17,578","1,079",6.14
01/01/2016 12:00:00 AM,Western,M,60 to 69,"16,381","1,013",6.18
01/01/2016 12:00:00 AM,Western,M,70 to 79,"10,252",682,6.65
01/01/2016 12:00:00 AM,Western,M,80 +,"5,161",320,6.2
01/01/2017 12:00:00 AM,Central,F,0 to 9,"21,229",787,3.71
01/01/2017 12:00:00 AM,Central,F,10 to 19,"21,937","3,178",14.49
01/01/2017 12:00:00 AM,Central,F,20 to 29,"30,800","5,454",17.71
01/01/2017 12:00:00 AM,Central,F,30 to 39,"33,816","4,474",13.23
01/01/2017 12:00:00 AM,Central,F,40 to 49,"32,959","4,251",12.9
01/01/2017 12:00:00 AM,Central,F,50 to 59,"35,639","4,732",13.28
01/01/2017 12:00:00 AM,Central,F,60 to 69,"28,423","3,827",13.46
01/01/2017 12:00:00 AM,Central,F,70 to 79,"17,312","2,269",13.11
01/01/2017 12:00:00 AM,Central,F,80 +,"11,033","1,086",9.84
01/01/2017 12:00:00 AM,Central,M,0 to 9,"22,340","1,227",5.49
01/01/2017 12:00:00 AM,Central,M,10 to 19,"22,831","4,480",19.62
01/01/2017 12:00:00 AM,Central,M,20 to 29,"30,861","6,440",20.87
01/01/2017 12:00:00 AM,Central,M,30 to 39,"32,270","3,647",11.3
01/01/2017 12:00:00 AM,Central,M,40 to 49,"31,342","2,339",7.46
01/01/2017 12:00:00 AM,Central,M,50 to 59,"34,451","2,415",7.01
01/01/2017 12:00:00 AM,Central,M,60 to 69,"26,625","1,879",7.06
01/01/2017 12:00:00 AM,Central,M,70 to 79,"15,288","1,104",7.22
01/01/2017 12:00:00 AM,Central,M,80 +,"6,998",463,6.62
01/01/2017 12:00:00 AM,Eastern,F,0 to 9,"6,778",271,4
01/01/2017 12:00:00 AM,Eastern,F,10 to 19,"7,761","1,139",14.68
01/01/2017 12:00:00 AM,Eastern,F,20 to 29,"8,796","1,705",19.38
01/01/2017 12:00:00 AM,Eastern,F,30 to 39,"8,850","1,111",12.55
01/01/2017 12:00:00 AM,Eastern,F,40 to 49,"10,009","1,046",10.45
01/01/2017 12:00:00 AM,Eastern,F,50 to 59,"13,312","1,261",9.47
01/01/2017 12:00:00 AM,Eastern,F,60 to 69,"13,569","1,349",9.94
01/01/2017 12:00:00 AM,Eastern,F,70 to 79,"8,984",909,10.12
01/01/2017 12:00:00 AM,Eastern,F,80 +,"6,016",453,7.53
01/01/2017 12:00:00 AM,Eastern,M,0 to 9,"7,023",396,5.64
01/01/2017 12:00:00 AM,Eastern,M,10 to 19,"8,181","1,655",20.23
01/01/2017 12:00:00 AM,Eastern,M,20 to 29,"9,258","2,183",23.58
01/01/2017 12:00:00 AM,Eastern,M,30 to 39,"9,108",970,10.65
01/01/2017 12:00:00 AM,Eastern,M,40 to 49,"10,037",659,6.57
01/01/2017 12:00:00 AM,Eastern,M,50 to 59,"12,883",730,5.67
01/01/2017 12:00:00 AM,Eastern,M,60 to 69,"13,174",703,5.34
01/01/2017 12:00:00 AM,Eastern,M,70 to 79,"8,214",490,5.97
01/01/2017 12:00:00 AM,Eastern,M,80 +,"3,781",231,6.11
01/01/2017 12:00:00 AM,Northern,F,0 to 9,"6,909",244,3.53
01/01/2017 12:00:00 AM,Northern,F,10 to 19,"7,971","1,147",14.39
01/01/2017 12:00:00 AM,Northern,F,20 to 29,"8,411","1,571",18.68
01/01/2017 12:00:00 AM,Northern,F,30 to 39,"8,922","1,188",13.32
01/01/2017 12:00:00 AM,Northern,F,40 to 49,"10,466","1,279",12.22
01/01/2017 12:00:00 AM,Northern,F,50 to 59,"12,756","1,375",10.78
01/01/2017 12:00:00 AM,Northern,F,60 to 69,"12,032","1,309",10.88
01/01/2017 12:00:00 AM,Northern,F,70 to 79,"7,789",848,10.89
01/01/2017 12:00:00 AM,Northern,F,80 +,"5,148",397,7.71
01/01/2017 12:00:00 AM,Northern,M,0 to 9,"7,303",371,5.08
01/01/2017 12:00:00 AM,Northern,M,10 to 19,"8,347","1,581",18.94
01/01/2017 12:00:00 AM,Northern,M,20 to 29,"8,905","2,001",22.47
01/01/2017 12:00:00 AM,Northern,M,30 to 39,"8,747",908,10.38
01/01/2017 12:00:00 AM,Northern,M,40 to 49,"10,358",664,6.41
01/01/2017 12:00:00 AM,Northern,M,50 to 59,"12,396",704,5.68
01/01/2017 12:00:00 AM,Northern,M,60 to 69,"11,845",667,5.63
01/01/2017 12:00:00 AM,Northern,M,70 to 79,"7,359",368,5
01/01/2017 12:00:00 AM,Northern,M,80 +,"3,460",194,5.61
01/01/2017 12:00:00 AM,Unknown,F,0 to 9,"2,172",69,3.18
01/01/2017 12:00:00 AM,Unknown,F,10 to 19,"1,708",209,12.24
01/01/2017 12:00:00 AM,Unknown,F,20 to 29,"4,386",565,12.88
01/01/2017 12:00:00 AM,Unknown,F,30 to 39,"3,602",339,9.41
01/01/2017 12:00:00 AM,Unknown,F,40 to 49,"3,334",254,7.62
01/01/2017 12:00:00 AM,Unknown,F,50 to 59,"3,482",318,9.13
01/01/2017 12:00:00 AM,Unknown,F,60 to 69,"3,031",280,9.24
01/01/2017 12:00:00 AM,Unknown,F,70 to 79,"1,918",168,8.76
01/01/2017 12:00:00 AM,Unknown,F,80 +,"1,261",105,8.33
01/01/2017 12:00:00 AM,Unknown,M,0 to 9,"2,220",117,5.27
01/01/2017 12:00:00 AM,Unknown,M,10 to 19,"1,764",273,15.48
01/01/2017 12:00:00 AM,Unknown,M,20 to 29,"3,809",629,16.51
01/01/2017 12:00:00 AM,Unknown,M,30 to 39,"3,447",230,6.67
01/01/2017 12:00:00 AM,Unknown,M,40 to 49,"3,179",139,4.37
01/01/2017 12:00:00 AM,Unknown,M,50 to 59,"3,381",153,4.53
01/01/2017 12:00:00 AM,Unknown,M,60 to 69,"2,814",122,4.34
01/01/2017 12:00:00 AM,Unknown,M,70 to 79,"1,724",81,4.7
01/01/2017 12:00:00 AM,Unknown,M,80 +,951,43,4.52
01/01/2017 12:00:00 AM,Western,F,0 to 9,"8,523",319,3.74
01/01/2017 12:00:00 AM,Western,F,10 to 19,"9,665","1,558",16.12
01/01/2017 12:00:00 AM,Western,F,20 to 29,"10,805","2,073",19.19
01/01/2017 12:00:00 AM,Western,F,30 to 39,"11,306","1,520",13.44
01/01/2017 12:00:00 AM,Western,F,40 to 49,"13,165","1,594",12.11
01/01/2017 12:00:00 AM,Western,F,50 to 59,"17,921","2,055",11.47
01/01/2017 12:00:00 AM,Western,F,60 to 69,"17,310","1,925",11.12
01/01/2017 12:00:00 AM,Western,F,70 to 79,"11,653","1,274",10.93
01/01/2017 12:00:00 AM,Western,F,80 +,"7,745",639,8.25
01/01/2017 12:00:00 AM,Western,M,0 to 9,"8,955",423,4.72
01/01/2017 12:00:00 AM,Western,M,10 to 19,"10,147","2,026",19.97
01/01/2017 12:00:00 AM,Western,M,20 to 29,"11,171","2,546",22.79
01/01/2017 12:00:00 AM,Western,M,30 to 39,"10,847","1,161",10.7
01/01/2017 12:00:00 AM,Western,M,40 to 49,"12,697",907,7.14
01/01/2017 12:00:00 AM,Western,M,50 to 59,"17,255","1,081",6.26
01/01/2017 12:00:00 AM,Western,M,60 to 69,"16,723",991,5.93
01/01/2017 12:00:00 AM,Western,M,70 to 79,"10,927",728,6.66
01/01/2017 12:00:00 AM,Western,M,80 +,"5,355",328,6.13
