Year,Zone,Sex,Agegroup,Population,Prevalence,Crude Prevalence Rate
01/01/2000 12:00:00 AM,Central,F,35 to 44,"31,495",768,2.44
01/01/2000 12:00:00 AM,Central,F,45 to 54,"26,226","1,511",5.76
01/01/2000 12:00:00 AM,Central,F,55 to 64,"16,435","1,737",10.57
01/01/2000 12:00:00 AM,Central,F,65 to 74,"12,286","1,952",15.89
01/01/2000 12:00:00 AM,Central,F,75 +,"13,232","2,605",19.69
01/01/2000 12:00:00 AM,Central,M,35 to 44,"29,412",581,1.98
01/01/2000 12:00:00 AM,Central,M,45 to 54,"24,474","1,188",4.85
01/01/2000 12:00:00 AM,Central,M,55 to 64,"15,633","1,735",11.1
01/01/2000 12:00:00 AM,Central,M,65 to 74,"10,640","2,057",19.33
01/01/2000 12:00:00 AM,Central,M,75 +,"7,410","2,124",28.66
01/01/2000 12:00:00 AM,Eastern,F,35 to 44,"13,410",398,2.97
01/01/2000 12:00:00 AM,Eastern,F,45 to 54,"13,245",815,6.15
01/01/2000 12:00:00 AM,Eastern,F,55 to 64,"9,165",999,10.9
01/01/2000 12:00:00 AM,Eastern,F,65 to 74,"7,041","1,002",14.23
01/01/2000 12:00:00 AM,Eastern,F,75 +,"8,316","1,448",17.41
01/01/2000 12:00:00 AM,Eastern,M,35 to 44,"12,720",312,2.45
01/01/2000 12:00:00 AM,Eastern,M,45 to 54,"13,635",803,5.89
01/01/2000 12:00:00 AM,Eastern,M,55 to 64,"9,264","1,125",12.14
01/01/2000 12:00:00 AM,Eastern,M,65 to 74,"6,392","1,356",21.21
01/01/2000 12:00:00 AM,Eastern,M,75 +,"4,910","1,471",29.96
01/01/2000 12:00:00 AM,Northern,F,35 to 44,"12,136",320,2.64
01/01/2000 12:00:00 AM,Northern,F,45 to 54,"11,436",719,6.29
01/01/2000 12:00:00 AM,Northern,F,55 to 64,"7,621",783,10.27
01/01/2000 12:00:00 AM,Northern,F,65 to 74,"5,974",991,16.59
01/01/2000 12:00:00 AM,Northern,F,75 +,"7,087","1,354",19.11
01/01/2000 12:00:00 AM,Northern,M,35 to 44,"11,808",266,2.25
01/01/2000 12:00:00 AM,Northern,M,45 to 54,"11,516",625,5.43
01/01/2000 12:00:00 AM,Northern,M,55 to 64,"7,855",819,10.43
01/01/2000 12:00:00 AM,Northern,M,65 to 74,"5,333","1,058",19.84
01/01/2000 12:00:00 AM,Northern,M,75 +,"4,128","1,303",31.56
01/01/2000 12:00:00 AM,Unknown,F,35 to 44,"8,993",165,1.83
01/01/2000 12:00:00 AM,Unknown,F,45 to 54,"5,984",261,4.36
01/01/2000 12:00:00 AM,Unknown,F,55 to 64,"3,659",292,7.98
01/01/2000 12:00:00 AM,Unknown,F,65 to 74,"2,436",323,13.26
01/01/2000 12:00:00 AM,Unknown,F,75 +,"2,722",416,15.28
01/01/2000 12:00:00 AM,Unknown,M,35 to 44,"8,227",117,1.42
01/01/2000 12:00:00 AM,Unknown,M,45 to 54,"5,690",206,3.62
01/01/2000 12:00:00 AM,Unknown,M,55 to 64,"3,450",283,8.2
01/01/2000 12:00:00 AM,Unknown,M,65 to 74,"2,143",335,15.63
01/01/2000 12:00:00 AM,Unknown,M,75 +,"1,498",378,25.23
01/01/2000 12:00:00 AM,Western,F,35 to 44,"16,737",431,2.58
01/01/2000 12:00:00 AM,Western,F,45 to 54,"15,661",762,4.87
01/01/2000 12:00:00 AM,Western,F,55 to 64,"11,029",854,7.74
01/01/2000 12:00:00 AM,Western,F,65 to 74,"8,379",940,11.22
01/01/2000 12:00:00 AM,Western,F,75 +,"9,632","1,243",12.9
01/01/2000 12:00:00 AM,Western,M,35 to 44,"15,988",339,2.12
01/01/2000 12:00:00 AM,Western,M,45 to 54,"15,412",754,4.89
01/01/2000 12:00:00 AM,Western,M,55 to 64,"11,107","1,002",9.02
01/01/2000 12:00:00 AM,Western,M,65 to 74,"7,837","1,299",16.58
01/01/2000 12:00:00 AM,Western,M,75 +,"6,267","1,607",25.64
01/01/2001 12:00:00 AM,Central,F,35 to 44,"31,660",806,2.55
01/01/2001 12:00:00 AM,Central,F,45 to 54,"26,862","1,671",6.22
01/01/2001 12:00:00 AM,Central,F,55 to 64,"17,535","1,989",11.34
01/01/2001 12:00:00 AM,Central,F,65 to 74,"12,305","2,072",16.84
01/01/2001 12:00:00 AM,Central,F,75 +,"13,639","2,778",20.37
01/01/2001 12:00:00 AM,Central,M,35 to 44,"29,542",597,2.02
01/01/2001 12:00:00 AM,Central,M,45 to 54,"25,158","1,294",5.14
01/01/2001 12:00:00 AM,Central,M,55 to 64,"16,654","1,876",11.26
01/01/2001 12:00:00 AM,Central,M,65 to 74,"10,890","2,232",20.5
01/01/2001 12:00:00 AM,Central,M,75 +,"7,635","2,217",29.04
01/01/2001 12:00:00 AM,Eastern,F,35 to 44,"13,073",474,3.63
01/01/2001 12:00:00 AM,Eastern,F,45 to 54,"13,382",927,6.93
01/01/2001 12:00:00 AM,Eastern,F,55 to 64,"9,613","1,133",11.79
01/01/2001 12:00:00 AM,Eastern,F,65 to 74,"7,169","1,094",15.26
01/01/2001 12:00:00 AM,Eastern,F,75 +,"8,317","1,566",18.83
01/01/2001 12:00:00 AM,Eastern,M,35 to 44,"12,418",329,2.65
01/01/2001 12:00:00 AM,Eastern,M,45 to 54,"13,679",887,6.48
01/01/2001 12:00:00 AM,Eastern,M,55 to 64,"9,782","1,277",13.05
01/01/2001 12:00:00 AM,Eastern,M,65 to 74,"6,466","1,439",22.25
01/01/2001 12:00:00 AM,Eastern,M,75 +,"4,950","1,566",31.64
01/01/2001 12:00:00 AM,Northern,F,35 to 44,"12,061",326,2.7
01/01/2001 12:00:00 AM,Northern,F,45 to 54,"11,530",777,6.74
01/01/2001 12:00:00 AM,Northern,F,55 to 64,"8,076",895,11.08
01/01/2001 12:00:00 AM,Northern,F,65 to 74,"6,008","1,039",17.29
01/01/2001 12:00:00 AM,Northern,F,75 +,"7,144","1,434",20.07
01/01/2001 12:00:00 AM,Northern,M,35 to 44,"11,641",287,2.47
01/01/2001 12:00:00 AM,Northern,M,45 to 54,"11,613",679,5.85
01/01/2001 12:00:00 AM,Northern,M,55 to 64,"8,356",913,10.93
01/01/2001 12:00:00 AM,Northern,M,65 to 74,"5,409","1,088",20.11
01/01/2001 12:00:00 AM,Northern,M,75 +,"4,193","1,359",32.41
01/01/2001 12:00:00 AM,Unknown,F,35 to 44,"8,694",159,1.83
01/01/2001 12:00:00 AM,Unknown,F,45 to 54,"5,961",290,4.86
01/01/2001 12:00:00 AM,Unknown,F,55 to 64,"3,810",309,8.11
01/01/2001 12:00:00 AM,Unknown,F,65 to 74,"2,360",345,14.62
01/01/2001 12:00:00 AM,Unknown,F,75 +,"2,701",418,15.48
01/01/2001 12:00:00 AM,Unknown,M,35 to 44,"8,052",126,1.56
01/01/2001 12:00:00 AM,Unknown,M,45 to 54,"5,680",221,3.89
01/01/2001 12:00:00 AM,Unknown,M,55 to 64,"3,580",298,8.32
01/01/2001 12:00:00 AM,Unknown,M,65 to 74,"2,125",341,16.05
01/01/2001 12:00:00 AM,Unknown,M,75 +,"1,470",371,25.24
01/01/2001 12:00:00 AM,Western,F,35 to 44,"16,441",438,2.66
01/01/2001 12:00:00 AM,Western,F,45 to 54,"15,813",856,5.41
01/01/2001 12:00:00 AM,Western,F,55 to 64,"11,749",974,8.29
01/01/2001 12:00:00 AM,Western,F,65 to 74,"8,422",988,11.73
01/01/2001 12:00:00 AM,Western,F,75 +,"9,730","1,374",14.12
01/01/2001 12:00:00 AM,Western,M,35 to 44,"15,744",371,2.36
01/01/2001 12:00:00 AM,Western,M,45 to 54,"15,574",835,5.36
01/01/2001 12:00:00 AM,Western,M,55 to 64,"11,656","1,109",9.51
01/01/2001 12:00:00 AM,Western,M,65 to 74,"8,033","1,383",17.22
01/01/2001 12:00:00 AM,Western,M,75 +,"6,381","1,684",26.39
01/01/2002 12:00:00 AM,Central,F,35 to 44,"31,852",863,2.71
01/01/2002 12:00:00 AM,Central,F,45 to 54,"27,386","1,770",6.46
01/01/2002 12:00:00 AM,Central,F,55 to 64,"18,758","2,222",11.85
01/01/2002 12:00:00 AM,Central,F,65 to 74,"12,417","2,127",17.13
01/01/2002 12:00:00 AM,Central,F,75 +,"13,897","2,944",21.18
01/01/2002 12:00:00 AM,Central,M,35 to 44,"29,436",615,2.09
01/01/2002 12:00:00 AM,Central,M,45 to 54,"25,886","1,409",5.44
01/01/2002 12:00:00 AM,Central,M,55 to 64,"17,838","2,066",11.58
01/01/2002 12:00:00 AM,Central,M,65 to 74,"11,076","2,296",20.73
01/01/2002 12:00:00 AM,Central,M,75 +,"7,876","2,326",29.53
01/01/2002 12:00:00 AM,Eastern,F,35 to 44,"12,629",473,3.75
01/01/2002 12:00:00 AM,Eastern,F,45 to 54,"13,552","1,013",7.47
01/01/2002 12:00:00 AM,Eastern,F,55 to 64,"10,159","1,283",12.63
01/01/2002 12:00:00 AM,Eastern,F,65 to 74,"7,212","1,216",16.86
01/01/2002 12:00:00 AM,Eastern,F,75 +,"8,380","1,709",20.39
01/01/2002 12:00:00 AM,Eastern,M,35 to 44,"12,070",342,2.83
01/01/2002 12:00:00 AM,Eastern,M,45 to 54,"13,672",937,6.85
01/01/2002 12:00:00 AM,Eastern,M,55 to 64,"10,324","1,418",13.73
01/01/2002 12:00:00 AM,Eastern,M,65 to 74,"6,578","1,527",23.21
01/01/2002 12:00:00 AM,Eastern,M,75 +,"4,997","1,639",32.8
01/01/2002 12:00:00 AM,Northern,F,35 to 44,"11,814",330,2.79
01/01/2002 12:00:00 AM,Northern,F,45 to 54,"11,671",836,7.16
01/01/2002 12:00:00 AM,Northern,F,55 to 64,"8,656","1,019",11.77
01/01/2002 12:00:00 AM,Northern,F,65 to 74,"6,002","1,094",18.23
01/01/2002 12:00:00 AM,Northern,F,75 +,"7,198","1,511",20.99
01/01/2002 12:00:00 AM,Northern,M,35 to 44,"11,424",279,2.44
01/01/2002 12:00:00 AM,Northern,M,45 to 54,"11,772",725,6.16
01/01/2002 12:00:00 AM,Northern,M,55 to 64,"8,799",980,11.14
01/01/2002 12:00:00 AM,Northern,M,65 to 74,"5,521","1,152",20.87
01/01/2002 12:00:00 AM,Northern,M,75 +,"4,294","1,436",33.44
01/01/2002 12:00:00 AM,Unknown,F,35 to 44,"8,509",166,1.95
01/01/2002 12:00:00 AM,Unknown,F,45 to 54,"5,957",306,5.14
01/01/2002 12:00:00 AM,Unknown,F,55 to 64,"3,970",321,8.09
01/01/2002 12:00:00 AM,Unknown,F,65 to 74,"2,315",341,14.73
01/01/2002 12:00:00 AM,Unknown,F,75 +,"2,640",455,17.23
01/01/2002 12:00:00 AM,Unknown,M,35 to 44,"7,967",120,1.51
01/01/2002 12:00:00 AM,Unknown,M,45 to 54,"5,621",228,4.06
01/01/2002 12:00:00 AM,Unknown,M,55 to 64,"3,691",306,8.29
01/01/2002 12:00:00 AM,Unknown,M,65 to 74,"2,113",360,17.04
01/01/2002 12:00:00 AM,Unknown,M,75 +,"1,473",370,25.12
01/01/2002 12:00:00 AM,Western,F,35 to 44,"16,026",444,2.77
01/01/2002 12:00:00 AM,Western,F,45 to 54,"15,997",940,5.88
01/01/2002 12:00:00 AM,Western,F,55 to 64,"12,408","1,101",8.87
01/01/2002 12:00:00 AM,Western,F,65 to 74,"8,562","1,070",12.5
01/01/2002 12:00:00 AM,Western,F,75 +,"9,817","1,444",14.71
01/01/2002 12:00:00 AM,Western,M,35 to 44,"15,281",392,2.57
01/01/2002 12:00:00 AM,Western,M,45 to 54,"15,850",895,5.65
01/01/2002 12:00:00 AM,Western,M,55 to 64,"12,291","1,193",9.71
01/01/2002 12:00:00 AM,Western,M,65 to 74,"8,208","1,402",17.08
01/01/2002 12:00:00 AM,Western,M,75 +,"6,446","1,746",27.09
01/01/2003 12:00:00 AM,Central,F,35 to 44,"31,591",881,2.79
01/01/2003 12:00:00 AM,Central,F,45 to 54,"28,308","1,934",6.83
01/01/2003 12:00:00 AM,Central,F,55 to 64,"19,767","2,465",12.47
01/01/2003 12:00:00 AM,Central,F,65 to 74,"12,644","2,294",18.14
01/01/2003 12:00:00 AM,Central,F,75 +,"14,099","3,126",22.17
01/01/2003 12:00:00 AM,Central,M,35 to 44,"29,416",602,2.05
01/01/2003 12:00:00 AM,Central,M,45 to 54,"26,685","1,534",5.75
01/01/2003 12:00:00 AM,Central,M,55 to 64,"18,773","2,250",11.99
01/01/2003 12:00:00 AM,Central,M,65 to 74,"11,349","2,389",21.05
01/01/2003 12:00:00 AM,Central,M,75 +,"8,078","2,423",30
01/01/2003 12:00:00 AM,Eastern,F,35 to 44,"12,234",486,3.97
01/01/2003 12:00:00 AM,Eastern,F,45 to 54,"13,654","1,138",8.33
01/01/2003 12:00:00 AM,Eastern,F,55 to 64,"10,611","1,419",13.37
01/01/2003 12:00:00 AM,Eastern,F,65 to 74,"7,283","1,290",17.71
01/01/2003 12:00:00 AM,Eastern,F,75 +,"8,379","1,820",21.72
01/01/2003 12:00:00 AM,Eastern,M,35 to 44,"11,751",368,3.13
01/01/2003 12:00:00 AM,Eastern,M,45 to 54,"13,691","1,001",7.31
01/01/2003 12:00:00 AM,Eastern,M,55 to 64,"10,736","1,534",14.29
01/01/2003 12:00:00 AM,Eastern,M,65 to 74,"6,738","1,603",23.79
01/01/2003 12:00:00 AM,Eastern,M,75 +,"5,072","1,670",32.93
01/01/2003 12:00:00 AM,Northern,F,35 to 44,"11,577",351,3.03
01/01/2003 12:00:00 AM,Northern,F,45 to 54,"11,828",856,7.24
01/01/2003 12:00:00 AM,Northern,F,55 to 64,"9,052","1,149",12.69
01/01/2003 12:00:00 AM,Northern,F,65 to 74,"6,142","1,197",19.49
01/01/2003 12:00:00 AM,Northern,F,75 +,"7,207","1,588",22.03
01/01/2003 12:00:00 AM,Northern,M,35 to 44,"11,250",269,2.39
01/01/2003 12:00:00 AM,Northern,M,45 to 54,"11,875",769,6.48
01/01/2003 12:00:00 AM,Northern,M,55 to 64,"9,215","1,099",11.93
01/01/2003 12:00:00 AM,Northern,M,65 to 74,"5,649","1,210",21.42
01/01/2003 12:00:00 AM,Northern,M,75 +,"4,364","1,474",33.78
01/01/2003 12:00:00 AM,Unknown,F,35 to 44,"8,299",170,2.05
01/01/2003 12:00:00 AM,Unknown,F,45 to 54,"5,936",314,5.29
01/01/2003 12:00:00 AM,Unknown,F,55 to 64,"4,069",340,8.36
01/01/2003 12:00:00 AM,Unknown,F,65 to 74,"2,290",348,15.2
01/01/2003 12:00:00 AM,Unknown,F,75 +,"2,601",483,18.57
01/01/2003 12:00:00 AM,Unknown,M,35 to 44,"7,837",136,1.74
01/01/2003 12:00:00 AM,Unknown,M,45 to 54,"5,602",239,4.27
01/01/2003 12:00:00 AM,Unknown,M,55 to 64,"3,803",330,8.68
01/01/2003 12:00:00 AM,Unknown,M,65 to 74,"2,085",342,16.4
01/01/2003 12:00:00 AM,Unknown,M,75 +,"1,456",378,25.96
01/01/2003 12:00:00 AM,Western,F,35 to 44,"15,714",443,2.82
01/01/2003 12:00:00 AM,Western,F,45 to 54,"16,227","1,001",6.17
01/01/2003 12:00:00 AM,Western,F,55 to 64,"12,952","1,193",9.21
01/01/2003 12:00:00 AM,Western,F,65 to 74,"8,757","1,152",13.16
01/01/2003 12:00:00 AM,Western,F,75 +,"9,919","1,555",15.68
01/01/2003 12:00:00 AM,Western,M,35 to 44,"14,966",370,2.47
01/01/2003 12:00:00 AM,Western,M,45 to 54,"15,993",945,5.91
01/01/2003 12:00:00 AM,Western,M,55 to 64,"12,913","1,321",10.23
01/01/2003 12:00:00 AM,Western,M,65 to 74,"8,369","1,488",17.78
01/01/2003 12:00:00 AM,Western,M,75 +,"6,560","1,814",27.65
01/01/2004 12:00:00 AM,Central,F,35 to 44,"31,473",880,2.8
01/01/2004 12:00:00 AM,Central,F,45 to 54,"29,255","2,123",7.26
01/01/2004 12:00:00 AM,Central,F,55 to 64,"20,703","2,697",13.03
01/01/2004 12:00:00 AM,Central,F,65 to 74,"12,888","2,449",19
01/01/2004 12:00:00 AM,Central,F,75 +,"14,240","3,264",22.92
01/01/2004 12:00:00 AM,Central,M,35 to 44,"29,311",603,2.06
01/01/2004 12:00:00 AM,Central,M,45 to 54,"27,493","1,632",5.94
01/01/2004 12:00:00 AM,Central,M,55 to 64,"19,710","2,379",12.07
01/01/2004 12:00:00 AM,Central,M,65 to 74,"11,563","2,443",21.13
01/01/2004 12:00:00 AM,Central,M,75 +,"8,331","2,547",30.57
01/01/2004 12:00:00 AM,Eastern,F,35 to 44,"11,888",505,4.25
01/01/2004 12:00:00 AM,Eastern,F,45 to 54,"13,794","1,254",9.09
01/01/2004 12:00:00 AM,Eastern,F,55 to 64,"10,983","1,548",14.09
01/01/2004 12:00:00 AM,Eastern,F,65 to 74,"7,401","1,404",18.97
01/01/2004 12:00:00 AM,Eastern,F,75 +,"8,414","1,885",22.4
01/01/2004 12:00:00 AM,Eastern,M,35 to 44,"11,512",372,3.23
01/01/2004 12:00:00 AM,Eastern,M,45 to 54,"13,648","1,086",7.96
01/01/2004 12:00:00 AM,Eastern,M,55 to 64,"11,272","1,671",14.82
01/01/2004 12:00:00 AM,Eastern,M,65 to 74,"6,886","1,688",24.51
01/01/2004 12:00:00 AM,Eastern,M,75 +,"5,084","1,713",33.69
01/01/2004 12:00:00 AM,Northern,F,35 to 44,"11,400",352,3.09
01/01/2004 12:00:00 AM,Northern,F,45 to 54,"11,978",913,7.62
01/01/2004 12:00:00 AM,Northern,F,55 to 64,"9,487","1,282",13.51
01/01/2004 12:00:00 AM,Northern,F,65 to 74,"6,232","1,265",20.3
01/01/2004 12:00:00 AM,Northern,F,75 +,"7,273","1,705",23.44
01/01/2004 12:00:00 AM,Northern,M,35 to 44,"11,071",270,2.44
01/01/2004 12:00:00 AM,Northern,M,45 to 54,"11,993",824,6.87
01/01/2004 12:00:00 AM,Northern,M,55 to 64,"9,676","1,200",12.4
01/01/2004 12:00:00 AM,Northern,M,65 to 74,"5,779","1,295",22.41
01/01/2004 12:00:00 AM,Northern,M,75 +,"4,447","1,530",34.41
01/01/2004 12:00:00 AM,Unknown,F,35 to 44,"8,075",169,2.09
01/01/2004 12:00:00 AM,Unknown,F,45 to 54,"5,997",333,5.55
01/01/2004 12:00:00 AM,Unknown,F,55 to 64,"4,141",363,8.77
01/01/2004 12:00:00 AM,Unknown,F,65 to 74,"2,297",358,15.59
01/01/2004 12:00:00 AM,Unknown,F,75 +,"2,543",496,19.5
01/01/2004 12:00:00 AM,Unknown,M,35 to 44,"7,726",133,1.72
01/01/2004 12:00:00 AM,Unknown,M,45 to 54,"5,630",251,4.46
01/01/2004 12:00:00 AM,Unknown,M,55 to 64,"3,905",333,8.53
01/01/2004 12:00:00 AM,Unknown,M,65 to 74,"2,110",332,15.73
01/01/2004 12:00:00 AM,Unknown,M,75 +,"1,424",383,26.9
01/01/2004 12:00:00 AM,Western,F,35 to 44,"15,271",451,2.95
01/01/2004 12:00:00 AM,Western,F,45 to 54,"16,547","1,049",6.34
01/01/2004 12:00:00 AM,Western,F,55 to 64,"13,591","1,347",9.91
01/01/2004 12:00:00 AM,Western,F,65 to 74,"8,855","1,236",13.96
01/01/2004 12:00:00 AM,Western,F,75 +,"9,984","1,656",16.59
01/01/2004 12:00:00 AM,Western,M,35 to 44,"14,612",358,2.45
01/01/2004 12:00:00 AM,Western,M,45 to 54,"16,113",996,6.18
01/01/2004 12:00:00 AM,Western,M,55 to 64,"13,595","1,443",10.61
01/01/2004 12:00:00 AM,Western,M,65 to 74,"8,516","1,560",18.32
01/01/2004 12:00:00 AM,Western,M,75 +,"6,618","1,857",28.06
01/01/2005 12:00:00 AM,Central,F,35 to 44,"31,468",880,2.8
01/01/2005 12:00:00 AM,Central,F,45 to 54,"30,188","2,250",7.45
01/01/2005 12:00:00 AM,Central,F,55 to 64,"21,757","2,941",13.52
01/01/2005 12:00:00 AM,Central,F,65 to 74,"13,067","2,558",19.58
01/01/2005 12:00:00 AM,Central,F,75 +,"14,463","3,413",23.6
01/01/2005 12:00:00 AM,Central,M,35 to 44,"29,216",605,2.07
01/01/2005 12:00:00 AM,Central,M,45 to 54,"28,339","1,704",6.01
01/01/2005 12:00:00 AM,Central,M,55 to 64,"20,768","2,525",12.16
01/01/2005 12:00:00 AM,Central,M,65 to 74,"11,803","2,570",21.77
01/01/2005 12:00:00 AM,Central,M,75 +,"8,575","2,605",30.38
01/01/2005 12:00:00 AM,Eastern,F,35 to 44,"11,403",477,4.18
01/01/2005 12:00:00 AM,Eastern,F,45 to 54,"13,939","1,371",9.84
01/01/2005 12:00:00 AM,Eastern,F,55 to 64,"11,451","1,660",14.5
01/01/2005 12:00:00 AM,Eastern,F,65 to 74,"7,561","1,516",20.05
01/01/2005 12:00:00 AM,Eastern,F,75 +,"8,368","1,915",22.88
01/01/2005 12:00:00 AM,Eastern,M,35 to 44,"11,188",343,3.07
01/01/2005 12:00:00 AM,Eastern,M,45 to 54,"13,683","1,156",8.45
01/01/2005 12:00:00 AM,Eastern,M,55 to 64,"11,678","1,791",15.34
01/01/2005 12:00:00 AM,Eastern,M,65 to 74,"7,047","1,780",25.26
01/01/2005 12:00:00 AM,Eastern,M,75 +,"5,120","1,775",34.67
01/01/2005 12:00:00 AM,Northern,F,35 to 44,"11,194",335,2.99
01/01/2005 12:00:00 AM,Northern,F,45 to 54,"12,263",950,7.75
01/01/2005 12:00:00 AM,Northern,F,55 to 64,"9,843","1,412",14.35
01/01/2005 12:00:00 AM,Northern,F,65 to 74,"6,280","1,287",20.49
01/01/2005 12:00:00 AM,Northern,F,75 +,"7,394","1,833",24.79
01/01/2005 12:00:00 AM,Northern,M,35 to 44,"10,923",243,2.22
01/01/2005 12:00:00 AM,Northern,M,45 to 54,"12,141",873,7.19
01/01/2005 12:00:00 AM,Northern,M,55 to 64,"9,985","1,270",12.72
01/01/2005 12:00:00 AM,Northern,M,65 to 74,"5,966","1,354",22.7
01/01/2005 12:00:00 AM,Northern,M,75 +,"4,534","1,552",34.23
01/01/2005 12:00:00 AM,Unknown,F,35 to 44,"7,864",157,2
01/01/2005 12:00:00 AM,Unknown,F,45 to 54,"6,032",355,5.89
01/01/2005 12:00:00 AM,Unknown,F,55 to 64,"4,209",382,9.08
01/01/2005 12:00:00 AM,Unknown,F,65 to 74,"2,309",394,17.06
01/01/2005 12:00:00 AM,Unknown,F,75 +,"2,481",483,19.47
01/01/2005 12:00:00 AM,Unknown,M,35 to 44,"7,645",127,1.66
01/01/2005 12:00:00 AM,Unknown,M,45 to 54,"5,646",265,4.69
01/01/2005 12:00:00 AM,Unknown,M,55 to 64,"3,951",347,8.78
01/01/2005 12:00:00 AM,Unknown,M,65 to 74,"2,092",332,15.87
01/01/2005 12:00:00 AM,Unknown,M,75 +,"1,426",377,26.44
01/01/2005 12:00:00 AM,Western,F,35 to 44,"14,808",447,3.02
01/01/2005 12:00:00 AM,Western,F,45 to 54,"16,867","1,158",6.87
01/01/2005 12:00:00 AM,Western,F,55 to 64,"14,135","1,505",10.65
01/01/2005 12:00:00 AM,Western,F,65 to 74,"9,071","1,298",14.31
01/01/2005 12:00:00 AM,Western,F,75 +,"10,026","1,753",17.48
01/01/2005 12:00:00 AM,Western,M,35 to 44,"14,305",346,2.42
01/01/2005 12:00:00 AM,Western,M,45 to 54,"16,387","1,054",6.43
01/01/2005 12:00:00 AM,Western,M,55 to 64,"13,940","1,564",11.22
01/01/2005 12:00:00 AM,Western,M,65 to 74,"8,787","1,622",18.46
01/01/2005 12:00:00 AM,Western,M,75 +,"6,756","1,916",28.36
01/01/2006 12:00:00 AM,Central,F,35 to 44,"31,456",847,2.69
01/01/2006 12:00:00 AM,Central,F,45 to 54,"31,131","2,431",7.81
01/01/2006 12:00:00 AM,Central,F,55 to 64,"22,745","3,138",13.8
01/01/2006 12:00:00 AM,Central,F,65 to 74,"13,446","2,699",20.07
01/01/2006 12:00:00 AM,Central,F,75 +,"14,750","3,613",24.49
01/01/2006 12:00:00 AM,Central,M,35 to 44,"29,104",580,1.99
01/01/2006 12:00:00 AM,Central,M,45 to 54,"29,569","1,808",6.11
01/01/2006 12:00:00 AM,Central,M,55 to 64,"21,573","2,692",12.48
01/01/2006 12:00:00 AM,Central,M,65 to 74,"12,187","2,662",21.84
01/01/2006 12:00:00 AM,Central,M,75 +,"8,925","2,729",30.58
01/01/2006 12:00:00 AM,Eastern,F,35 to 44,"11,149",475,4.26
01/01/2006 12:00:00 AM,Eastern,F,45 to 54,"14,002","1,412",10.08
01/01/2006 12:00:00 AM,Eastern,F,55 to 64,"11,817","1,789",15.14
01/01/2006 12:00:00 AM,Eastern,F,65 to 74,"7,713","1,582",20.51
01/01/2006 12:00:00 AM,Eastern,F,75 +,"8,473","2,008",23.7
01/01/2006 12:00:00 AM,Eastern,M,35 to 44,"10,889",352,3.23
01/01/2006 12:00:00 AM,Eastern,M,45 to 54,"13,698","1,182",8.63
01/01/2006 12:00:00 AM,Eastern,M,55 to 64,"12,017","1,865",15.52
01/01/2006 12:00:00 AM,Eastern,M,65 to 74,"7,252","1,831",25.25
01/01/2006 12:00:00 AM,Eastern,M,75 +,"5,151","1,804",35.02
01/01/2006 12:00:00 AM,Northern,F,35 to 44,"10,979",311,2.83
01/01/2006 12:00:00 AM,Northern,F,45 to 54,"12,538","1,036",8.26
01/01/2006 12:00:00 AM,Northern,F,55 to 64,"10,187","1,520",14.92
01/01/2006 12:00:00 AM,Northern,F,65 to 74,"6,424","1,339",20.84
01/01/2006 12:00:00 AM,Northern,F,75 +,"7,454","1,961",26.31
01/01/2006 12:00:00 AM,Northern,M,35 to 44,"10,810",217,2.01
01/01/2006 12:00:00 AM,Northern,M,45 to 54,"12,265",889,7.25
01/01/2006 12:00:00 AM,Northern,M,55 to 64,"10,383","1,388",13.37
01/01/2006 12:00:00 AM,Northern,M,65 to 74,"6,126","1,393",22.74
01/01/2006 12:00:00 AM,Northern,M,75 +,"4,675","1,640",35.08
01/01/2006 12:00:00 AM,Unknown,F,35 to 44,"7,580",148,1.95
01/01/2006 12:00:00 AM,Unknown,F,45 to 54,"5,965",344,5.77
01/01/2006 12:00:00 AM,Unknown,F,55 to 64,"4,255",392,9.21
01/01/2006 12:00:00 AM,Unknown,F,65 to 74,"2,318",404,17.43
01/01/2006 12:00:00 AM,Unknown,F,75 +,"2,500",509,20.36
01/01/2006 12:00:00 AM,Unknown,M,35 to 44,"7,262",111,1.53
01/01/2006 12:00:00 AM,Unknown,M,45 to 54,"5,690",261,4.59
01/01/2006 12:00:00 AM,Unknown,M,55 to 64,"3,979",361,9.07
01/01/2006 12:00:00 AM,Unknown,M,65 to 74,"2,116",343,16.21
01/01/2006 12:00:00 AM,Unknown,M,75 +,"1,399",362,25.88
01/01/2006 12:00:00 AM,Western,F,35 to 44,"14,416",433,3
01/01/2006 12:00:00 AM,Western,F,45 to 54,"17,149","1,235",7.2
01/01/2006 12:00:00 AM,Western,F,55 to 64,"14,589","1,605",11
01/01/2006 12:00:00 AM,Western,F,65 to 74,"9,258","1,416",15.29
01/01/2006 12:00:00 AM,Western,F,75 +,"10,212","1,890",18.51
01/01/2006 12:00:00 AM,Western,M,35 to 44,"13,876",320,2.31
01/01/2006 12:00:00 AM,Western,M,45 to 54,"16,604","1,134",6.83
01/01/2006 12:00:00 AM,Western,M,55 to 64,"14,381","1,648",11.46
01/01/2006 12:00:00 AM,Western,M,65 to 74,"9,049","1,699",18.78
01/01/2006 12:00:00 AM,Western,M,75 +,"6,884","1,964",28.53
01/01/2007 12:00:00 AM,Central,F,35 to 44,"31,150",800,2.57
01/01/2007 12:00:00 AM,Central,F,45 to 54,"32,206","2,543",7.9
01/01/2007 12:00:00 AM,Central,F,55 to 64,"23,665","3,257",13.76
01/01/2007 12:00:00 AM,Central,F,65 to 74,"13,918","2,888",20.75
01/01/2007 12:00:00 AM,Central,F,75 +,"14,926","3,747",25.1
01/01/2007 12:00:00 AM,Central,M,35 to 44,"28,825",559,1.94
01/01/2007 12:00:00 AM,Central,M,45 to 54,"30,694","1,882",6.13
01/01/2007 12:00:00 AM,Central,M,55 to 64,"22,427","2,772",12.36
01/01/2007 12:00:00 AM,Central,M,65 to 74,"12,624","2,730",21.63
01/01/2007 12:00:00 AM,Central,M,75 +,"9,211","2,833",30.76
01/01/2007 12:00:00 AM,Eastern,F,35 to 44,"10,745",445,4.14
01/01/2007 12:00:00 AM,Eastern,F,45 to 54,"14,068","1,442",10.25
01/01/2007 12:00:00 AM,Eastern,F,55 to 64,"12,200","1,901",15.58
01/01/2007 12:00:00 AM,Eastern,F,65 to 74,"7,927","1,677",21.16
01/01/2007 12:00:00 AM,Eastern,F,75 +,"8,476","2,061",24.32
01/01/2007 12:00:00 AM,Eastern,M,35 to 44,"10,487",335,3.19
01/01/2007 12:00:00 AM,Eastern,M,45 to 54,"13,641","1,194",8.75
01/01/2007 12:00:00 AM,Eastern,M,55 to 64,"12,357","1,927",15.59
01/01/2007 12:00:00 AM,Eastern,M,65 to 74,"7,493","1,932",25.78
01/01/2007 12:00:00 AM,Eastern,M,75 +,"5,231","1,833",35.04
01/01/2007 12:00:00 AM,Northern,F,35 to 44,"10,730",304,2.83
01/01/2007 12:00:00 AM,Northern,F,45 to 54,"12,708","1,088",8.56
01/01/2007 12:00:00 AM,Northern,F,55 to 64,"10,508","1,561",14.86
01/01/2007 12:00:00 AM,Northern,F,65 to 74,"6,653","1,442",21.67
01/01/2007 12:00:00 AM,Northern,F,75 +,"7,493","2,002",26.72
01/01/2007 12:00:00 AM,Northern,M,35 to 44,"10,648",212,1.99
01/01/2007 12:00:00 AM,Northern,M,45 to 54,"12,337",892,7.23
01/01/2007 12:00:00 AM,Northern,M,55 to 64,"10,646","1,434",13.47
01/01/2007 12:00:00 AM,Northern,M,65 to 74,"6,396","1,451",22.69
01/01/2007 12:00:00 AM,Northern,M,75 +,"4,748","1,667",35.11
01/01/2007 12:00:00 AM,Unknown,F,35 to 44,"7,086",124,1.75
01/01/2007 12:00:00 AM,Unknown,F,45 to 54,"5,896",349,5.92
01/01/2007 12:00:00 AM,Unknown,F,55 to 64,"4,299",393,9.14
01/01/2007 12:00:00 AM,Unknown,F,65 to 74,"2,333",405,17.36
01/01/2007 12:00:00 AM,Unknown,F,75 +,"2,460",517,21.02
01/01/2007 12:00:00 AM,Unknown,M,35 to 44,"6,768",99,1.46
01/01/2007 12:00:00 AM,Unknown,M,45 to 54,"5,608",256,4.56
01/01/2007 12:00:00 AM,Unknown,M,55 to 64,"3,922",348,8.87
01/01/2007 12:00:00 AM,Unknown,M,65 to 74,"2,144",345,16.09
01/01/2007 12:00:00 AM,Unknown,M,75 +,"1,405",374,26.62
01/01/2007 12:00:00 AM,Western,F,35 to 44,"14,038",394,2.81
01/01/2007 12:00:00 AM,Western,F,45 to 54,"17,358","1,303",7.51
01/01/2007 12:00:00 AM,Western,F,55 to 64,"14,982","1,652",11.03
01/01/2007 12:00:00 AM,Western,F,65 to 74,"9,649","1,511",15.66
01/01/2007 12:00:00 AM,Western,F,75 +,"10,312","1,999",19.39
01/01/2007 12:00:00 AM,Western,M,35 to 44,"13,507",300,2.22
01/01/2007 12:00:00 AM,Western,M,45 to 54,"16,801","1,196",7.12
01/01/2007 12:00:00 AM,Western,M,55 to 64,"14,776","1,748",11.83
01/01/2007 12:00:00 AM,Western,M,65 to 74,"9,340","1,765",18.9
01/01/2007 12:00:00 AM,Western,M,75 +,"7,058","1,989",28.18
01/01/2008 12:00:00 AM,Central,F,35 to 44,"30,956",780,2.52
01/01/2008 12:00:00 AM,Central,F,45 to 54,"33,079","2,709",8.19
01/01/2008 12:00:00 AM,Central,F,55 to 64,"24,729","3,495",14.13
01/01/2008 12:00:00 AM,Central,F,65 to 74,"14,457","3,080",21.3
01/01/2008 12:00:00 AM,Central,F,75 +,"15,185","3,938",25.93
01/01/2008 12:00:00 AM,Central,M,35 to 44,"28,580",544,1.9
01/01/2008 12:00:00 AM,Central,M,45 to 54,"31,726","2,008",6.33
01/01/2008 12:00:00 AM,Central,M,55 to 64,"23,373","2,946",12.6
01/01/2008 12:00:00 AM,Central,M,65 to 74,"13,186","2,891",21.92
01/01/2008 12:00:00 AM,Central,M,75 +,"9,459","2,923",30.9
01/01/2008 12:00:00 AM,Eastern,F,35 to 44,"10,470",424,4.05
01/01/2008 12:00:00 AM,Eastern,F,45 to 54,"14,021","1,485",10.59
01/01/2008 12:00:00 AM,Eastern,F,55 to 64,"12,548","2,007",15.99
01/01/2008 12:00:00 AM,Eastern,F,65 to 74,"8,165","1,803",22.08
01/01/2008 12:00:00 AM,Eastern,F,75 +,"8,569","2,157",25.17
01/01/2008 12:00:00 AM,Eastern,M,35 to 44,"10,241",315,3.08
01/01/2008 12:00:00 AM,Eastern,M,45 to 54,"13,479","1,208",8.96
01/01/2008 12:00:00 AM,Eastern,M,55 to 64,"12,746","2,035",15.97
01/01/2008 12:00:00 AM,Eastern,M,65 to 74,"7,790","2,053",26.35
01/01/2008 12:00:00 AM,Eastern,M,75 +,"5,278","1,878",35.58
01/01/2008 12:00:00 AM,Northern,F,35 to 44,"10,620",298,2.81
01/01/2008 12:00:00 AM,Northern,F,45 to 54,"12,735","1,116",8.76
01/01/2008 12:00:00 AM,Northern,F,55 to 64,"10,928","1,696",15.52
01/01/2008 12:00:00 AM,Northern,F,65 to 74,"6,862","1,498",21.83
01/01/2008 12:00:00 AM,Northern,F,75 +,"7,598","2,130",28.03
01/01/2008 12:00:00 AM,Northern,M,35 to 44,"10,436",193,1.85
01/01/2008 12:00:00 AM,Northern,M,45 to 54,"12,429",896,7.21
01/01/2008 12:00:00 AM,Northern,M,55 to 64,"10,980","1,537",14
01/01/2008 12:00:00 AM,Northern,M,65 to 74,"6,700","1,523",22.73
01/01/2008 12:00:00 AM,Northern,M,75 +,"4,849","1,688",34.81
01/01/2008 12:00:00 AM,Unknown,F,35 to 44,"6,672",121,1.81
01/01/2008 12:00:00 AM,Unknown,F,45 to 54,"5,800",347,5.98
01/01/2008 12:00:00 AM,Unknown,F,55 to 64,"4,327",413,9.54
01/01/2008 12:00:00 AM,Unknown,F,65 to 74,"2,398",412,17.18
01/01/2008 12:00:00 AM,Unknown,F,75 +,"2,409",522,21.67
01/01/2008 12:00:00 AM,Unknown,M,35 to 44,"6,350",95,1.5
01/01/2008 12:00:00 AM,Unknown,M,45 to 54,"5,528",262,4.74
01/01/2008 12:00:00 AM,Unknown,M,55 to 64,"3,947",331,8.39
01/01/2008 12:00:00 AM,Unknown,M,65 to 74,"2,145",365,17.02
01/01/2008 12:00:00 AM,Unknown,M,75 +,"1,421",358,25.19
01/01/2008 12:00:00 AM,Western,F,35 to 44,"13,485",373,2.77
01/01/2008 12:00:00 AM,Western,F,45 to 54,"17,669","1,385",7.84
01/01/2008 12:00:00 AM,Western,F,55 to 64,"15,429","1,815",11.76
01/01/2008 12:00:00 AM,Western,F,65 to 74,"10,018","1,625",16.22
01/01/2008 12:00:00 AM,Western,F,75 +,"10,478","2,113",20.17
01/01/2008 12:00:00 AM,Western,M,35 to 44,"13,066",290,2.22
01/01/2008 12:00:00 AM,Western,M,45 to 54,"16,994","1,222",7.19
01/01/2008 12:00:00 AM,Western,M,55 to 64,"15,192","1,877",12.36
01/01/2008 12:00:00 AM,Western,M,65 to 74,"9,718","1,878",19.32
01/01/2008 12:00:00 AM,Western,M,75 +,"7,240","2,112",29.17
01/01/2009 12:00:00 AM,Central,F,35 to 44,"30,633",745,2.43
01/01/2009 12:00:00 AM,Central,F,45 to 54,"33,840","2,782",8.22
01/01/2009 12:00:00 AM,Central,F,55 to 64,"25,801","3,768",14.6
01/01/2009 12:00:00 AM,Central,F,65 to 74,"15,045","3,271",21.74
01/01/2009 12:00:00 AM,Central,F,75 +,"15,403","4,075",26.46
01/01/2009 12:00:00 AM,Central,M,35 to 44,"28,407",505,1.78
01/01/2009 12:00:00 AM,Central,M,45 to 54,"32,516","2,130",6.55
01/01/2009 12:00:00 AM,Central,M,55 to 64,"24,291","3,143",12.94
01/01/2009 12:00:00 AM,Central,M,65 to 74,"13,787","3,013",21.85
01/01/2009 12:00:00 AM,Central,M,75 +,"9,758","3,005",30.8
01/01/2009 12:00:00 AM,Eastern,F,35 to 44,"10,142",414,4.08
01/01/2009 12:00:00 AM,Eastern,F,45 to 54,"13,939","1,525",10.94
01/01/2009 12:00:00 AM,Eastern,F,55 to 64,"12,919","2,152",16.66
01/01/2009 12:00:00 AM,Eastern,F,65 to 74,"8,448","1,968",23.3
01/01/2009 12:00:00 AM,Eastern,F,75 +,"8,631","2,230",25.84
01/01/2009 12:00:00 AM,Eastern,M,35 to 44,"10,080",332,3.29
01/01/2009 12:00:00 AM,Eastern,M,45 to 54,"13,293","1,228",9.24
01/01/2009 12:00:00 AM,Eastern,M,55 to 64,"13,177","2,194",16.65
01/01/2009 12:00:00 AM,Eastern,M,65 to 74,"8,039","2,156",26.82
01/01/2009 12:00:00 AM,Eastern,M,75 +,"5,409","1,987",36.74
01/01/2009 12:00:00 AM,Northern,F,35 to 44,"10,438",273,2.62
01/01/2009 12:00:00 AM,Northern,F,45 to 54,"12,721","1,137",8.94
01/01/2009 12:00:00 AM,Northern,F,55 to 64,"11,427","1,824",15.96
01/01/2009 12:00:00 AM,Northern,F,65 to 74,"7,042","1,572",22.32
01/01/2009 12:00:00 AM,Northern,F,75 +,"7,646","2,199",28.76
01/01/2009 12:00:00 AM,Northern,M,35 to 44,"10,114",177,1.75
01/01/2009 12:00:00 AM,Northern,M,45 to 54,"12,547",905,7.21
01/01/2009 12:00:00 AM,Northern,M,55 to 64,"11,389","1,625",14.27
01/01/2009 12:00:00 AM,Northern,M,65 to 74,"6,999","1,565",22.36
01/01/2009 12:00:00 AM,Northern,M,75 +,"4,905","1,718",35.03
01/01/2009 12:00:00 AM,Unknown,F,35 to 44,"6,273",125,1.99
01/01/2009 12:00:00 AM,Unknown,F,45 to 54,"5,758",347,6.03
01/01/2009 12:00:00 AM,Unknown,F,55 to 64,"4,351",435,10
01/01/2009 12:00:00 AM,Unknown,F,65 to 74,"2,435",398,16.34
01/01/2009 12:00:00 AM,Unknown,F,75 +,"2,372",519,21.88
01/01/2009 12:00:00 AM,Unknown,M,35 to 44,"5,966",86,1.44
01/01/2009 12:00:00 AM,Unknown,M,45 to 54,"5,358",253,4.72
01/01/2009 12:00:00 AM,Unknown,M,55 to 64,"3,946",337,8.54
01/01/2009 12:00:00 AM,Unknown,M,65 to 74,"2,184",350,16.03
01/01/2009 12:00:00 AM,Unknown,M,75 +,"1,464",379,25.89
01/01/2009 12:00:00 AM,Western,F,35 to 44,"13,113",355,2.71
01/01/2009 12:00:00 AM,Western,F,45 to 54,"17,765","1,457",8.2
01/01/2009 12:00:00 AM,Western,F,55 to 64,"15,960","1,945",12.19
01/01/2009 12:00:00 AM,Western,F,65 to 74,"10,347","1,748",16.89
01/01/2009 12:00:00 AM,Western,F,75 +,"10,610","2,187",20.61
01/01/2009 12:00:00 AM,Western,M,35 to 44,"12,650",268,2.12
01/01/2009 12:00:00 AM,Western,M,45 to 54,"17,115","1,249",7.3
01/01/2009 12:00:00 AM,Western,M,55 to 64,"15,626","1,996",12.77
01/01/2009 12:00:00 AM,Western,M,65 to 74,"10,067","1,951",19.38
01/01/2009 12:00:00 AM,Western,M,75 +,"7,465","2,203",29.51
01/01/2010 12:00:00 AM,Central,F,35 to 44,"30,797",691,2.24
01/01/2010 12:00:00 AM,Central,F,45 to 54,"34,193","2,759",8.07
01/01/2010 12:00:00 AM,Central,F,55 to 64,"27,001","3,928",14.55
01/01/2010 12:00:00 AM,Central,F,65 to 74,"15,819","3,491",22.07
01/01/2010 12:00:00 AM,Central,F,75 +,"15,566","4,163",26.74
01/01/2010 12:00:00 AM,Central,M,35 to 44,"28,386",496,1.75
01/01/2010 12:00:00 AM,Central,M,45 to 54,"33,049","2,140",6.48
01/01/2010 12:00:00 AM,Central,M,55 to 64,"25,296","3,241",12.81
01/01/2010 12:00:00 AM,Central,M,65 to 74,"14,446","3,203",22.17
01/01/2010 12:00:00 AM,Central,M,75 +,"10,027","3,080",30.72
01/01/2010 12:00:00 AM,Eastern,F,35 to 44,"9,945",418,4.2
01/01/2010 12:00:00 AM,Eastern,F,45 to 54,"13,788","1,580",11.46
01/01/2010 12:00:00 AM,Eastern,F,55 to 64,"13,306","2,310",17.36
01/01/2010 12:00:00 AM,Eastern,F,65 to 74,"8,672","2,071",23.88
01/01/2010 12:00:00 AM,Eastern,F,75 +,"8,670","2,343",27.02
01/01/2010 12:00:00 AM,Eastern,M,35 to 44,"9,961",331,3.32
01/01/2010 12:00:00 AM,Eastern,M,45 to 54,"13,108","1,213",9.25
01/01/2010 12:00:00 AM,Eastern,M,55 to 64,"13,425","2,294",17.09
01/01/2010 12:00:00 AM,Eastern,M,65 to 74,"8,304","2,245",27.04
01/01/2010 12:00:00 AM,Eastern,M,75 +,"5,621","2,064",36.72
01/01/2010 12:00:00 AM,Northern,F,35 to 44,"10,221",243,2.38
01/01/2010 12:00:00 AM,Northern,F,45 to 54,"12,750","1,145",8.98
01/01/2010 12:00:00 AM,Northern,F,55 to 64,"11,723","1,886",16.09
01/01/2010 12:00:00 AM,Northern,F,65 to 74,"7,329","1,644",22.43
01/01/2010 12:00:00 AM,Northern,F,75 +,"7,697","2,243",29.14
01/01/2010 12:00:00 AM,Northern,M,35 to 44,"9,950",162,1.63
01/01/2010 12:00:00 AM,Northern,M,45 to 54,"12,466",875,7.02
01/01/2010 12:00:00 AM,Northern,M,55 to 64,"11,731","1,696",14.46
01/01/2010 12:00:00 AM,Northern,M,65 to 74,"7,265","1,633",22.48
01/01/2010 12:00:00 AM,Northern,M,75 +,"5,044","1,757",34.83
01/01/2010 12:00:00 AM,Unknown,F,35 to 44,"5,978",118,1.97
01/01/2010 12:00:00 AM,Unknown,F,45 to 54,"5,622",353,6.28
01/01/2010 12:00:00 AM,Unknown,F,55 to 64,"4,392",433,9.86
01/01/2010 12:00:00 AM,Unknown,F,65 to 74,"2,495",422,16.91
01/01/2010 12:00:00 AM,Unknown,F,75 +,"2,310",513,22.21
01/01/2010 12:00:00 AM,Unknown,M,35 to 44,"5,744",83,1.44
01/01/2010 12:00:00 AM,Unknown,M,45 to 54,"5,245",250,4.77
01/01/2010 12:00:00 AM,Unknown,M,55 to 64,"3,958",346,8.74
01/01/2010 12:00:00 AM,Unknown,M,65 to 74,"2,254",345,15.31
01/01/2010 12:00:00 AM,Unknown,M,75 +,"1,430",371,25.94
01/01/2010 12:00:00 AM,Western,F,35 to 44,"12,787",335,2.62
01/01/2010 12:00:00 AM,Western,F,45 to 54,"17,723","1,481",8.36
01/01/2010 12:00:00 AM,Western,F,55 to 64,"16,448","2,067",12.57
01/01/2010 12:00:00 AM,Western,F,65 to 74,"10,811","1,871",17.31
01/01/2010 12:00:00 AM,Western,F,75 +,"10,779","2,324",21.56
01/01/2010 12:00:00 AM,Western,M,35 to 44,"12,431",272,2.19
01/01/2010 12:00:00 AM,Western,M,45 to 54,"17,085","1,244",7.28
01/01/2010 12:00:00 AM,Western,M,55 to 64,"15,999","2,103",13.14
01/01/2010 12:00:00 AM,Western,M,65 to 74,"10,510","2,055",19.55
01/01/2010 12:00:00 AM,Western,M,75 +,"7,661","2,282",29.79
01/01/2011 12:00:00 AM,Central,F,35 to 44,"30,820",685,2.22
01/01/2011 12:00:00 AM,Central,F,45 to 54,"34,463","2,693",7.81
01/01/2011 12:00:00 AM,Central,F,55 to 64,"27,701","4,043",14.6
01/01/2011 12:00:00 AM,Central,F,65 to 74,"16,896","3,762",22.27
01/01/2011 12:00:00 AM,Central,F,75 +,"15,801","4,214",26.67
01/01/2011 12:00:00 AM,Central,M,35 to 44,"28,569",483,1.69
01/01/2011 12:00:00 AM,Central,M,45 to 54,"33,222","2,119",6.38
01/01/2011 12:00:00 AM,Central,M,55 to 64,"26,005","3,310",12.73
01/01/2011 12:00:00 AM,Central,M,65 to 74,"15,434","3,361",21.78
01/01/2011 12:00:00 AM,Central,M,75 +,"10,327","3,166",30.66
01/01/2011 12:00:00 AM,Eastern,F,35 to 44,"9,739",385,3.95
01/01/2011 12:00:00 AM,Eastern,F,45 to 54,"13,510","1,570",11.62
01/01/2011 12:00:00 AM,Eastern,F,55 to 64,"13,453","2,377",17.67
01/01/2011 12:00:00 AM,Eastern,F,65 to 74,"9,128","2,220",24.32
01/01/2011 12:00:00 AM,Eastern,F,75 +,"8,802","2,425",27.55
01/01/2011 12:00:00 AM,Eastern,M,35 to 44,"9,736",311,3.19
01/01/2011 12:00:00 AM,Eastern,M,45 to 54,"12,907","1,183",9.17
01/01/2011 12:00:00 AM,Eastern,M,55 to 64,"13,473","2,317",17.2
01/01/2011 12:00:00 AM,Eastern,M,65 to 74,"8,811","2,368",26.88
01/01/2011 12:00:00 AM,Eastern,M,75 +,"5,744","2,122",36.94
01/01/2011 12:00:00 AM,Northern,F,35 to 44,"10,147",241,2.38
01/01/2011 12:00:00 AM,Northern,F,45 to 54,"12,667","1,128",8.91
01/01/2011 12:00:00 AM,Northern,F,55 to 64,"11,835","1,908",16.12
01/01/2011 12:00:00 AM,Northern,F,65 to 74,"7,767","1,799",23.16
01/01/2011 12:00:00 AM,Northern,F,75 +,"7,710","2,227",28.88
01/01/2011 12:00:00 AM,Northern,M,35 to 44,"9,914",149,1.5
01/01/2011 12:00:00 AM,Northern,M,45 to 54,"12,314",878,7.13
01/01/2011 12:00:00 AM,Northern,M,55 to 64,"11,820","1,686",14.26
01/01/2011 12:00:00 AM,Northern,M,65 to 74,"7,768","1,745",22.46
01/01/2011 12:00:00 AM,Northern,M,75 +,"5,148","1,798",34.93
01/01/2011 12:00:00 AM,Unknown,F,35 to 44,"5,747",101,1.76
01/01/2011 12:00:00 AM,Unknown,F,45 to 54,"5,428",329,6.06
01/01/2011 12:00:00 AM,Unknown,F,55 to 64,"4,341",439,10.11
01/01/2011 12:00:00 AM,Unknown,F,65 to 74,"2,610",433,16.59
01/01/2011 12:00:00 AM,Unknown,F,75 +,"2,260",495,21.9
01/01/2011 12:00:00 AM,Unknown,M,35 to 44,"5,478",77,1.41
01/01/2011 12:00:00 AM,Unknown,M,45 to 54,"5,137",233,4.54
01/01/2011 12:00:00 AM,Unknown,M,55 to 64,"3,914",333,8.51
01/01/2011 12:00:00 AM,Unknown,M,65 to 74,"2,369",378,15.96
01/01/2011 12:00:00 AM,Unknown,M,75 +,"1,468",366,24.93
01/01/2011 12:00:00 AM,Western,F,35 to 44,"12,616",308,2.44
01/01/2011 12:00:00 AM,Western,F,45 to 54,"17,494","1,472",8.41
01/01/2011 12:00:00 AM,Western,F,55 to 64,"16,643","2,148",12.91
01/01/2011 12:00:00 AM,Western,F,65 to 74,"11,529","2,075",18
01/01/2011 12:00:00 AM,Western,F,75 +,"10,935","2,392",21.87
01/01/2011 12:00:00 AM,Western,M,35 to 44,"12,162",264,2.17
01/01/2011 12:00:00 AM,Western,M,45 to 54,"16,902","1,243",7.35
01/01/2011 12:00:00 AM,Western,M,55 to 64,"16,208","2,134",13.17
01/01/2011 12:00:00 AM,Western,M,65 to 74,"11,096","2,219",20
01/01/2011 12:00:00 AM,Western,M,75 +,"7,928","2,406",30.35
01/01/2012 12:00:00 AM,Central,F,35 to 44,"30,897",654,2.12
01/01/2012 12:00:00 AM,Central,F,45 to 54,"34,557","2,674",7.74
01/01/2012 12:00:00 AM,Central,F,55 to 64,"28,251","4,079",14.44
01/01/2012 12:00:00 AM,Central,F,65 to 74,"18,160","4,052",22.31
01/01/2012 12:00:00 AM,Central,F,75 +,"16,056","4,319",26.9
01/01/2012 12:00:00 AM,Central,M,35 to 44,"28,767",466,1.62
01/01/2012 12:00:00 AM,Central,M,45 to 54,"33,064","2,055",6.22
01/01/2012 12:00:00 AM,Central,M,55 to 64,"26,831","3,404",12.69
01/01/2012 12:00:00 AM,Central,M,65 to 74,"16,627","3,581",21.54
01/01/2012 12:00:00 AM,Central,M,75 +,"10,588","3,292",31.09
01/01/2012 12:00:00 AM,Eastern,F,35 to 44,"9,641",359,3.72
01/01/2012 12:00:00 AM,Eastern,F,45 to 54,"13,062","1,492",11.42
01/01/2012 12:00:00 AM,Eastern,F,55 to 64,"13,628","2,428",17.82
01/01/2012 12:00:00 AM,Eastern,F,65 to 74,"9,669","2,394",24.76
01/01/2012 12:00:00 AM,Eastern,F,75 +,"8,882","2,459",27.69
01/01/2012 12:00:00 AM,Eastern,M,35 to 44,"9,602",296,3.08
01/01/2012 12:00:00 AM,Eastern,M,45 to 54,"12,612","1,148",9.1
01/01/2012 12:00:00 AM,Eastern,M,55 to 64,"13,477","2,339",17.36
01/01/2012 12:00:00 AM,Eastern,M,65 to 74,"9,291","2,492",26.82
01/01/2012 12:00:00 AM,Eastern,M,75 +,"5,971","2,155",36.09
01/01/2012 12:00:00 AM,Northern,F,35 to 44,"10,058",226,2.25
01/01/2012 12:00:00 AM,Northern,F,45 to 54,"12,448","1,084",8.71
01/01/2012 12:00:00 AM,Northern,F,55 to 64,"11,995","1,905",15.88
01/01/2012 12:00:00 AM,Northern,F,65 to 74,"8,339","1,965",23.56
01/01/2012 12:00:00 AM,Northern,F,75 +,"7,712","2,254",29.23
01/01/2012 12:00:00 AM,Northern,M,35 to 44,"9,827",152,1.55
01/01/2012 12:00:00 AM,Northern,M,45 to 54,"12,084",833,6.89
01/01/2012 12:00:00 AM,Northern,M,55 to 64,"11,976","1,731",14.45
01/01/2012 12:00:00 AM,Northern,M,65 to 74,"8,177","1,826",22.33
01/01/2012 12:00:00 AM,Northern,M,75 +,"5,298","1,810",34.16
01/01/2012 12:00:00 AM,Unknown,F,35 to 44,"5,460",85,1.56
01/01/2012 12:00:00 AM,Unknown,F,45 to 54,"5,211",303,5.81
01/01/2012 12:00:00 AM,Unknown,F,55 to 64,"4,247",422,9.94
01/01/2012 12:00:00 AM,Unknown,F,65 to 74,"2,693",429,15.93
01/01/2012 12:00:00 AM,Unknown,F,75 +,"2,206",500,22.67
01/01/2012 12:00:00 AM,Unknown,M,35 to 44,"5,147",68,1.32
01/01/2012 12:00:00 AM,Unknown,M,45 to 54,"4,955",222,4.48
01/01/2012 12:00:00 AM,Unknown,M,55 to 64,"3,790",332,8.76
01/01/2012 12:00:00 AM,Unknown,M,65 to 74,"2,406",364,15.13
01/01/2012 12:00:00 AM,Unknown,M,75 +,"1,529",389,25.44
01/01/2012 12:00:00 AM,Western,F,35 to 44,"12,463",283,2.27
01/01/2012 12:00:00 AM,Western,F,45 to 54,"17,116","1,438",8.4
01/01/2012 12:00:00 AM,Western,F,55 to 64,"16,912","2,224",13.15
01/01/2012 12:00:00 AM,Western,F,65 to 74,"12,230","2,235",18.27
01/01/2012 12:00:00 AM,Western,F,75 +,"11,139","2,521",22.63
01/01/2012 12:00:00 AM,Western,M,35 to 44,"11,962",248,2.07
01/01/2012 12:00:00 AM,Western,M,45 to 54,"16,472","1,219",7.4
01/01/2012 12:00:00 AM,Western,M,55 to 64,"16,521","2,185",13.23
01/01/2012 12:00:00 AM,Western,M,65 to 74,"11,778","2,320",19.7
01/01/2012 12:00:00 AM,Western,M,75 +,"8,157","2,491",30.54
01/01/2013 12:00:00 AM,Central,F,35 to 44,"31,227",615,1.97
01/01/2013 12:00:00 AM,Central,F,45 to 54,"34,511","2,580",7.48
01/01/2013 12:00:00 AM,Central,F,55 to 64,"29,222","4,165",14.25
01/01/2013 12:00:00 AM,Central,F,65 to 74,"19,198","4,273",22.26
01/01/2013 12:00:00 AM,Central,F,75 +,"16,352","4,460",27.27
01/01/2013 12:00:00 AM,Central,M,35 to 44,"29,090",426,1.46
01/01/2013 12:00:00 AM,Central,M,45 to 54,"33,222","2,026",6.1
01/01/2013 12:00:00 AM,Central,M,55 to 64,"27,743","3,474",12.52
01/01/2013 12:00:00 AM,Central,M,65 to 74,"17,544","3,695",21.06
01/01/2013 12:00:00 AM,Central,M,75 +,"11,027","3,450",31.29
01/01/2013 12:00:00 AM,Eastern,F,35 to 44,"9,607",348,3.62
01/01/2013 12:00:00 AM,Eastern,F,45 to 54,"12,648","1,442",11.4
01/01/2013 12:00:00 AM,Eastern,F,55 to 64,"13,817","2,472",17.89
01/01/2013 12:00:00 AM,Eastern,F,65 to 74,"10,085","2,473",24.52
01/01/2013 12:00:00 AM,Eastern,F,75 +,"9,022","2,553",28.3
01/01/2013 12:00:00 AM,Eastern,M,35 to 44,"9,549",267,2.8
01/01/2013 12:00:00 AM,Eastern,M,45 to 54,"12,344","1,106",8.96
01/01/2013 12:00:00 AM,Eastern,M,55 to 64,"13,552","2,319",17.11
01/01/2013 12:00:00 AM,Eastern,M,65 to 74,"9,686","2,583",26.67
01/01/2013 12:00:00 AM,Eastern,M,75 +,"6,198","2,201",35.51
01/01/2013 12:00:00 AM,Northern,F,35 to 44,"10,022",210,2.1
01/01/2013 12:00:00 AM,Northern,F,45 to 54,"12,230","1,046",8.55
01/01/2013 12:00:00 AM,Northern,F,55 to 64,"12,179","1,917",15.74
01/01/2013 12:00:00 AM,Northern,F,65 to 74,"8,709","2,049",23.53
01/01/2013 12:00:00 AM,Northern,F,75 +,"7,847","2,280",29.06
01/01/2013 12:00:00 AM,Northern,M,35 to 44,"9,754",138,1.41
01/01/2013 12:00:00 AM,Northern,M,45 to 54,"12,000",789,6.58
01/01/2013 12:00:00 AM,Northern,M,55 to 64,"12,104","1,750",14.46
01/01/2013 12:00:00 AM,Northern,M,65 to 74,"8,565","1,916",22.37
01/01/2013 12:00:00 AM,Northern,M,75 +,"5,485","1,834",33.44
01/01/2013 12:00:00 AM,Unknown,F,35 to 44,"5,152",68,1.32
01/01/2013 12:00:00 AM,Unknown,F,45 to 54,"4,904",275,5.61
01/01/2013 12:00:00 AM,Unknown,F,55 to 64,"4,130",411,9.95
01/01/2013 12:00:00 AM,Unknown,F,65 to 74,"2,710",407,15.02
01/01/2013 12:00:00 AM,Unknown,F,75 +,"2,187",508,23.23
01/01/2013 12:00:00 AM,Unknown,M,35 to 44,"4,856",55,1.13
01/01/2013 12:00:00 AM,Unknown,M,45 to 54,"4,755",201,4.23
01/01/2013 12:00:00 AM,Unknown,M,55 to 64,"3,719",331,8.9
01/01/2013 12:00:00 AM,Unknown,M,65 to 74,"2,459",371,15.09
01/01/2013 12:00:00 AM,Unknown,M,75 +,"1,561",395,25.3
01/01/2013 12:00:00 AM,Western,F,35 to 44,"12,203",267,2.19
01/01/2013 12:00:00 AM,Western,F,45 to 54,"16,855","1,391",8.25
01/01/2013 12:00:00 AM,Western,F,55 to 64,"17,146","2,276",13.27
01/01/2013 12:00:00 AM,Western,F,65 to 74,"12,813","2,316",18.08
01/01/2013 12:00:00 AM,Western,F,75 +,"11,412","2,643",23.16
01/01/2013 12:00:00 AM,Western,M,35 to 44,"11,803",240,2.03
01/01/2013 12:00:00 AM,Western,M,45 to 54,"16,213","1,169",7.21
01/01/2013 12:00:00 AM,Western,M,55 to 64,"16,716","2,216",13.26
01/01/2013 12:00:00 AM,Western,M,65 to 74,"12,436","2,478",19.93
01/01/2013 12:00:00 AM,Western,M,75 +,"8,322","2,510",30.16
01/01/2014 12:00:00 AM,Central,F,35 to 44,"31,539",589,1.87
01/01/2014 12:00:00 AM,Central,F,45 to 54,"34,521","2,537",7.35
01/01/2014 12:00:00 AM,Central,F,55 to 64,"30,231","4,301",14.23
01/01/2014 12:00:00 AM,Central,F,65 to 74,"20,160","4,435",22
01/01/2014 12:00:00 AM,Central,F,75 +,"16,628","4,608",27.71
01/01/2014 12:00:00 AM,Central,M,35 to 44,"29,425",409,1.39
01/01/2014 12:00:00 AM,Central,M,45 to 54,"33,194","1,990",6
01/01/2014 12:00:00 AM,Central,M,55 to 64,"28,680","3,604",12.57
01/01/2014 12:00:00 AM,Central,M,65 to 74,"18,492","3,887",21.02
01/01/2014 12:00:00 AM,Central,M,75 +,"11,409","3,591",31.48
01/01/2014 12:00:00 AM,Eastern,F,35 to 44,"9,526",328,3.44
01/01/2014 12:00:00 AM,Eastern,F,45 to 54,"12,377","1,381",11.16
01/01/2014 12:00:00 AM,Eastern,F,55 to 64,"13,967","2,493",17.85
01/01/2014 12:00:00 AM,Eastern,F,65 to 74,"10,464","2,547",24.34
01/01/2014 12:00:00 AM,Eastern,F,75 +,"9,165","2,671",29.14
01/01/2014 12:00:00 AM,Eastern,M,35 to 44,"9,466",251,2.65
01/01/2014 12:00:00 AM,Eastern,M,45 to 54,"12,093","1,074",8.88
01/01/2014 12:00:00 AM,Eastern,M,55 to 64,"13,571","2,328",17.15
01/01/2014 12:00:00 AM,Eastern,M,65 to 74,"10,149","2,712",26.72
01/01/2014 12:00:00 AM,Eastern,M,75 +,"6,349","2,262",35.63
01/01/2014 12:00:00 AM,Northern,F,35 to 44,"9,920",204,2.06
01/01/2014 12:00:00 AM,Northern,F,45 to 54,"12,057",993,8.24
01/01/2014 12:00:00 AM,Northern,F,55 to 64,"12,361","1,968",15.92
01/01/2014 12:00:00 AM,Northern,F,65 to 74,"9,138","2,128",23.29
01/01/2014 12:00:00 AM,Northern,F,75 +,"7,937","2,367",29.82
01/01/2014 12:00:00 AM,Northern,M,35 to 44,"9,618",135,1.4
01/01/2014 12:00:00 AM,Northern,M,45 to 54,"11,838",767,6.48
01/01/2014 12:00:00 AM,Northern,M,55 to 64,"12,208","1,764",14.45
01/01/2014 12:00:00 AM,Northern,M,65 to 74,"8,987","2,029",22.58
01/01/2014 12:00:00 AM,Northern,M,75 +,"5,625","1,850",32.89
01/01/2014 12:00:00 AM,Unknown,F,35 to 44,"4,667",60,1.29
01/01/2014 12:00:00 AM,Unknown,F,45 to 54,"4,626",249,5.38
01/01/2014 12:00:00 AM,Unknown,F,55 to 64,"4,009",385,9.6
01/01/2014 12:00:00 AM,Unknown,F,65 to 74,"2,681",415,15.48
01/01/2014 12:00:00 AM,Unknown,F,75 +,"2,148",503,23.42
01/01/2014 12:00:00 AM,Unknown,M,35 to 44,"4,405",45,1.02
01/01/2014 12:00:00 AM,Unknown,M,45 to 54,"4,432",171,3.86
01/01/2014 12:00:00 AM,Unknown,M,55 to 64,"3,607",318,8.82
01/01/2014 12:00:00 AM,Unknown,M,65 to 74,"2,469",359,14.54
01/01/2014 12:00:00 AM,Unknown,M,75 +,"1,583",400,25.27
01/01/2014 12:00:00 AM,Western,F,35 to 44,"12,041",245,2.03
01/01/2014 12:00:00 AM,Western,F,45 to 54,"16,456","1,325",8.05
01/01/2014 12:00:00 AM,Western,F,55 to 64,"17,508","2,354",13.45
01/01/2014 12:00:00 AM,Western,F,65 to 74,"13,457","2,491",18.51
01/01/2014 12:00:00 AM,Western,F,75 +,"11,610","2,716",23.39
01/01/2014 12:00:00 AM,Western,M,35 to 44,"11,639",219,1.88
01/01/2014 12:00:00 AM,Western,M,45 to 54,"15,851","1,110",7
01/01/2014 12:00:00 AM,Western,M,55 to 64,"16,913","2,243",13.26
01/01/2014 12:00:00 AM,Western,M,65 to 74,"13,104","2,663",20.32
01/01/2014 12:00:00 AM,Western,M,75 +,"8,536","2,593",30.38
01/01/2015 12:00:00 AM,Central,F,35 to 44,"31,718",530,1.67
01/01/2015 12:00:00 AM,Central,F,45 to 54,"34,606","2,434",7.03
01/01/2015 12:00:00 AM,Central,F,55 to 64,"31,290","4,417",14.12
01/01/2015 12:00:00 AM,Central,F,65 to 74,"21,200","4,614",21.76
01/01/2015 12:00:00 AM,Central,F,75 +,"16,875","4,666",27.65
01/01/2015 12:00:00 AM,Central,M,35 to 44,"29,825",370,1.24
01/01/2015 12:00:00 AM,Central,M,45 to 54,"33,143","1,931",5.83
01/01/2015 12:00:00 AM,Central,M,55 to 64,"29,673","3,711",12.51
01/01/2015 12:00:00 AM,Central,M,65 to 74,"19,504","4,057",20.8
01/01/2015 12:00:00 AM,Central,M,75 +,"11,758","3,701",31.48
01/01/2015 12:00:00 AM,Eastern,F,35 to 44,"9,502",308,3.24
01/01/2015 12:00:00 AM,Eastern,F,45 to 54,"11,957","1,297",10.85
01/01/2015 12:00:00 AM,Eastern,F,55 to 64,"14,147","2,545",17.99
01/01/2015 12:00:00 AM,Eastern,F,65 to 74,"10,904","2,657",24.37
01/01/2015 12:00:00 AM,Eastern,F,75 +,"9,288","2,730",29.39
01/01/2015 12:00:00 AM,Eastern,M,35 to 44,"9,362",225,2.4
01/01/2015 12:00:00 AM,Eastern,M,45 to 54,"11,800","1,024",8.68
01/01/2015 12:00:00 AM,Eastern,M,55 to 64,"13,666","2,332",17.06
01/01/2015 12:00:00 AM,Eastern,M,65 to 74,"10,504","2,748",26.16
01/01/2015 12:00:00 AM,Eastern,M,75 +,"6,527","2,332",35.73
01/01/2015 12:00:00 AM,Northern,F,35 to 44,"9,760",202,2.07
01/01/2015 12:00:00 AM,Northern,F,45 to 54,"11,866",954,8.04
01/01/2015 12:00:00 AM,Northern,F,55 to 64,"12,638","2,022",16
01/01/2015 12:00:00 AM,Northern,F,65 to 74,"9,512","2,248",23.63
01/01/2015 12:00:00 AM,Northern,F,75 +,"7,982","2,376",29.77
01/01/2015 12:00:00 AM,Northern,M,35 to 44,"9,477",134,1.41
01/01/2015 12:00:00 AM,Northern,M,45 to 54,"11,717",721,6.15
01/01/2015 12:00:00 AM,Northern,M,55 to 64,"12,340","1,835",14.87
01/01/2015 12:00:00 AM,Northern,M,65 to 74,"9,334","2,051",21.97
01/01/2015 12:00:00 AM,Northern,M,75 +,"5,827","1,903",32.66
01/01/2015 12:00:00 AM,Unknown,F,35 to 44,"4,197",35,0.83
01/01/2015 12:00:00 AM,Unknown,F,45 to 54,"4,260",226,5.31
01/01/2015 12:00:00 AM,Unknown,F,55 to 64,"3,816",370,9.7
01/01/2015 12:00:00 AM,Unknown,F,65 to 74,"2,656",409,15.4
01/01/2015 12:00:00 AM,Unknown,F,75 +,"2,107",491,23.3
01/01/2015 12:00:00 AM,Unknown,M,35 to 44,"3,943",42,1.07
01/01/2015 12:00:00 AM,Unknown,M,45 to 54,"4,111",145,3.53
01/01/2015 12:00:00 AM,Unknown,M,55 to 64,"3,482",309,8.87
01/01/2015 12:00:00 AM,Unknown,M,65 to 74,"2,443",354,14.49
01/01/2015 12:00:00 AM,Unknown,M,75 +,"1,606",395,24.6
01/01/2015 12:00:00 AM,Western,F,35 to 44,"11,958",235,1.97
01/01/2015 12:00:00 AM,Western,F,45 to 54,"16,020","1,254",7.83
01/01/2015 12:00:00 AM,Western,F,55 to 64,"17,898","2,455",13.72
01/01/2015 12:00:00 AM,Western,F,65 to 74,"14,044","2,615",18.62
01/01/2015 12:00:00 AM,Western,F,75 +,"11,880","2,840",23.91
01/01/2015 12:00:00 AM,Western,M,35 to 44,"11,439",205,1.79
01/01/2015 12:00:00 AM,Western,M,45 to 54,"15,576","1,080",6.93
01/01/2015 12:00:00 AM,Western,M,55 to 64,"17,277","2,337",13.53
01/01/2015 12:00:00 AM,Western,M,65 to 74,"13,546","2,769",20.44
01/01/2015 12:00:00 AM,Western,M,75 +,"8,891","2,707",30.45
01/01/2016 12:00:00 AM,Central,F,35 to 44,"32,198",482,1.5
01/01/2016 12:00:00 AM,Central,F,45 to 54,"34,591","2,326",6.72
01/01/2016 12:00:00 AM,Central,F,55 to 64,"32,391","4,587",14.16
01/01/2016 12:00:00 AM,Central,F,65 to 74,"22,261","4,771",21.43
01/01/2016 12:00:00 AM,Central,F,75 +,"17,303","4,816",27.83
01/01/2016 12:00:00 AM,Central,M,35 to 44,"30,347",354,1.17
01/01/2016 12:00:00 AM,Central,M,45 to 54,"33,077","1,862",5.63
01/01/2016 12:00:00 AM,Central,M,55 to 64,"31,024","3,911",12.61
01/01/2016 12:00:00 AM,Central,M,65 to 74,"20,266","4,258",21.01
01/01/2016 12:00:00 AM,Central,M,75 +,"12,284","3,834",31.21
01/01/2016 12:00:00 AM,Eastern,F,35 to 44,"9,388",273,2.91
01/01/2016 12:00:00 AM,Eastern,F,45 to 54,"11,706","1,231",10.52
01/01/2016 12:00:00 AM,Eastern,F,55 to 64,"14,276","2,555",17.9
01/01/2016 12:00:00 AM,Eastern,F,65 to 74,"11,245","2,734",24.31
01/01/2016 12:00:00 AM,Eastern,F,75 +,"9,469","2,798",29.55
01/01/2016 12:00:00 AM,Eastern,M,35 to 44,"9,291",197,2.12
01/01/2016 12:00:00 AM,Eastern,M,45 to 54,"11,583",973,8.4
01/01/2016 12:00:00 AM,Eastern,M,55 to 64,"13,738","2,340",17.03
01/01/2016 12:00:00 AM,Eastern,M,65 to 74,"10,804","2,809",26
01/01/2016 12:00:00 AM,Eastern,M,75 +,"6,795","2,444",35.97
01/01/2016 12:00:00 AM,Northern,F,35 to 44,"9,631",202,2.1
01/01/2016 12:00:00 AM,Northern,F,45 to 54,"11,700",926,7.91
01/01/2016 12:00:00 AM,Northern,F,55 to 64,"12,924","2,086",16.14
01/01/2016 12:00:00 AM,Northern,F,65 to 74,"9,845","2,343",23.8
01/01/2016 12:00:00 AM,Northern,F,75 +,"8,181","2,422",29.61
01/01/2016 12:00:00 AM,Northern,M,35 to 44,"9,348",126,1.35
01/01/2016 12:00:00 AM,Northern,M,45 to 54,"11,642",710,6.1
01/01/2016 12:00:00 AM,Northern,M,55 to 64,"12,505","1,844",14.75
01/01/2016 12:00:00 AM,Northern,M,65 to 74,"9,725","2,203",22.65
01/01/2016 12:00:00 AM,Northern,M,75 +,"6,042","1,960",32.44
01/01/2016 12:00:00 AM,Unknown,F,35 to 44,"3,641",31,0.85
01/01/2016 12:00:00 AM,Unknown,F,45 to 54,"3,917",191,4.88
01/01/2016 12:00:00 AM,Unknown,F,55 to 64,"3,597",351,9.76
01/01/2016 12:00:00 AM,Unknown,F,65 to 74,"2,600",386,14.85
01/01/2016 12:00:00 AM,Unknown,F,75 +,"2,079",468,22.51
01/01/2016 12:00:00 AM,Unknown,M,35 to 44,"3,471",35,1.01
01/01/2016 12:00:00 AM,Unknown,M,45 to 54,"3,712",124,3.34
01/01/2016 12:00:00 AM,Unknown,M,55 to 64,"3,370",286,8.49
01/01/2016 12:00:00 AM,Unknown,M,65 to 74,"2,434",358,14.71
01/01/2016 12:00:00 AM,Unknown,M,75 +,"1,587",385,24.26
01/01/2016 12:00:00 AM,Western,F,35 to 44,"11,875",209,1.76
01/01/2016 12:00:00 AM,Western,F,45 to 54,"15,749","1,220",7.75
01/01/2016 12:00:00 AM,Western,F,55 to 64,"18,294","2,543",13.9
01/01/2016 12:00:00 AM,Western,F,65 to 74,"14,564","2,732",18.76
01/01/2016 12:00:00 AM,Western,F,75 +,"12,137","2,904",23.93
01/01/2016 12:00:00 AM,Western,M,35 to 44,"11,426",182,1.59
01/01/2016 12:00:00 AM,Western,M,45 to 54,"15,157","1,040",6.86
01/01/2016 12:00:00 AM,Western,M,55 to 64,"17,643","2,434",13.8
01/01/2016 12:00:00 AM,Western,M,65 to 74,"14,054","2,923",20.8
01/01/2016 12:00:00 AM,Western,M,75 +,"9,290","2,813",30.28
01/01/2017 12:00:00 AM,Central,F,35 to 44,"33,145",375,1.13
01/01/2017 12:00:00 AM,Central,F,45 to 54,"34,411","2,077",6.04
01/01/2017 12:00:00 AM,Central,F,55 to 64,"33,584","4,463",13.29
01/01/2017 12:00:00 AM,Central,F,65 to 74,"23,249","4,740",20.39
01/01/2017 12:00:00 AM,Central,F,75 +,"17,886","4,833",27.02
01/01/2017 12:00:00 AM,Central,M,35 to 44,"31,236",273,0.87
01/01/2017 12:00:00 AM,Central,M,45 to 54,"32,885","1,643",5
01/01/2017 12:00:00 AM,Central,M,55 to 64,"32,302","3,776",11.69
01/01/2017 12:00:00 AM,Central,M,65 to 74,"21,190","4,175",19.7
01/01/2017 12:00:00 AM,Central,M,75 +,"12,915","3,846",29.78
01/01/2017 12:00:00 AM,Eastern,F,35 to 44,"9,336",221,2.37
01/01/2017 12:00:00 AM,Eastern,F,45 to 54,"11,341","1,104",9.73
01/01/2017 12:00:00 AM,Eastern,F,55 to 64,"14,414","2,455",17.03
01/01/2017 12:00:00 AM,Eastern,F,65 to 74,"11,615","2,740",23.59
01/01/2017 12:00:00 AM,Eastern,F,75 +,"9,715","2,776",28.57
01/01/2017 12:00:00 AM,Eastern,M,35 to 44,"9,363",156,1.67
01/01/2017 12:00:00 AM,Eastern,M,45 to 54,"11,247",856,7.61
01/01/2017 12:00:00 AM,Eastern,M,55 to 64,"13,787","2,203",15.98
01/01/2017 12:00:00 AM,Eastern,M,65 to 74,"11,211","2,735",24.4
01/01/2017 12:00:00 AM,Eastern,M,75 +,"7,066","2,482",35.13
01/01/2017 12:00:00 AM,Northern,F,35 to 44,"9,606",170,1.77
01/01/2017 12:00:00 AM,Northern,F,45 to 54,"11,505",819,7.12
01/01/2017 12:00:00 AM,Northern,F,55 to 64,"13,134","2,018",15.36
01/01/2017 12:00:00 AM,Northern,F,65 to 74,"10,223","2,310",22.6
01/01/2017 12:00:00 AM,Northern,F,75 +,"8,363","2,409",28.81
01/01/2017 12:00:00 AM,Northern,M,35 to 44,"9,308",103,1.11
01/01/2017 12:00:00 AM,Northern,M,45 to 54,"11,563",614,5.31
01/01/2017 12:00:00 AM,Northern,M,55 to 64,"12,589","1,748",13.89
01/01/2017 12:00:00 AM,Northern,M,65 to 74,"10,021","2,149",21.44
01/01/2017 12:00:00 AM,Northern,M,75 +,"6,350","1,965",30.94
01/01/2017 12:00:00 AM,Unknown,F,35 to 44,"3,220",21,0.65
01/01/2017 12:00:00 AM,Unknown,F,45 to 54,"3,489",144,4.13
01/01/2017 12:00:00 AM,Unknown,F,55 to 64,"3,413",310,9.08
01/01/2017 12:00:00 AM,Unknown,F,65 to 74,"2,539",344,13.55
01/01/2017 12:00:00 AM,Unknown,F,75 +,"2,034",424,20.85
01/01/2017 12:00:00 AM,Unknown,M,35 to 44,"3,070",23,0.75
01/01/2017 12:00:00 AM,Unknown,M,45 to 54,"3,360",99,2.95
01/01/2017 12:00:00 AM,Unknown,M,55 to 64,"3,191",241,7.55
01/01/2017 12:00:00 AM,Unknown,M,65 to 74,"2,387",342,14.33
01/01/2017 12:00:00 AM,Unknown,M,75 +,"1,616",365,22.59
01/01/2017 12:00:00 AM,Western,F,35 to 44,"11,905",163,1.37
01/01/2017 12:00:00 AM,Western,F,45 to 54,"15,442","1,081",7
01/01/2017 12:00:00 AM,Western,F,55 to 64,"18,689","2,455",13.14
01/01/2017 12:00:00 AM,Western,F,65 to 74,"15,029","2,692",17.91
01/01/2017 12:00:00 AM,Western,F,75 +,"12,516","2,901",23.18
01/01/2017 12:00:00 AM,Western,M,35 to 44,"11,383",143,1.26
01/01/2017 12:00:00 AM,Western,M,45 to 54,"14,895",923,6.2
01/01/2017 12:00:00 AM,Western,M,55 to 64,"17,969","2,317",12.89
01/01/2017 12:00:00 AM,Western,M,65 to 74,"14,506","2,912",20.07
01/01/2017 12:00:00 AM,Western,M,75 +,"9,660","2,771",28.69
