Year,Zone,Sex,Age Group,Population,Hypertension Count,Prevalence Rate %
01/01/2000 12:00:00 AM,Central,F,20 to 29,"23,475",315,1.34
01/01/2000 12:00:00 AM,Central,F,30 to 39,"29,410","1,349",4.59
01/01/2000 12:00:00 AM,Central,F,40 to 49,"29,328","3,182",10.85
01/01/2000 12:00:00 AM,Central,F,50 to 59,"21,582","5,863",27.17
01/01/2000 12:00:00 AM,Central,F,60 to 69,"13,577","6,260",46.11
01/01/2000 12:00:00 AM,Central,F,70 to 79,"11,175","6,835",61.16
01/01/2000 12:00:00 AM,Central,F,80 +,"7,973","5,270",66.1
01/01/2000 12:00:00 AM,Central,M,20 to 29,"22,118",243,1.1
01/01/2000 12:00:00 AM,Central,M,30 to 39,"26,849","1,153",4.29
01/01/2000 12:00:00 AM,Central,M,40 to 49,"27,221","2,919",10.72
01/01/2000 12:00:00 AM,Central,M,50 to 59,"20,608","5,075",24.63
01/01/2000 12:00:00 AM,Central,M,60 to 69,"12,718","5,282",41.53
01/01/2000 12:00:00 AM,Central,M,70 to 79,"8,289","4,527",54.61
01/01/2000 12:00:00 AM,Central,M,80 +,"3,798","2,166",57.03
01/01/2000 12:00:00 AM,Eastern,F,20 to 29,"8,569",159,1.86
01/01/2000 12:00:00 AM,Eastern,F,30 to 39,"11,131",712,6.4
01/01/2000 12:00:00 AM,Eastern,F,40 to 49,"13,870","2,035",14.67
01/01/2000 12:00:00 AM,Eastern,F,50 to 59,"11,414","3,664",32.1
01/01/2000 12:00:00 AM,Eastern,F,60 to 69,"7,950","3,822",48.08
01/01/2000 12:00:00 AM,Eastern,F,70 to 79,"6,336","3,963",62.55
01/01/2000 12:00:00 AM,Eastern,F,80 +,"5,273","3,377",64.04
01/01/2000 12:00:00 AM,Eastern,M,20 to 29,"8,517",136,1.6
01/01/2000 12:00:00 AM,Eastern,M,30 to 39,"10,854",606,5.58
01/01/2000 12:00:00 AM,Eastern,M,40 to 49,"13,629","1,841",13.51
01/01/2000 12:00:00 AM,Eastern,M,50 to 59,"11,828","3,218",27.21
01/01/2000 12:00:00 AM,Eastern,M,60 to 69,"7,718","3,231",41.86
01/01/2000 12:00:00 AM,Eastern,M,70 to 79,"5,072","2,757",54.36
01/01/2000 12:00:00 AM,Eastern,M,80 +,"2,706","1,451",53.62
01/01/2000 12:00:00 AM,Northern,F,20 to 29,"8,460",158,1.87
01/01/2000 12:00:00 AM,Northern,F,30 to 39,"10,816",634,5.86
01/01/2000 12:00:00 AM,Northern,F,40 to 49,"12,084","1,666",13.79
01/01/2000 12:00:00 AM,Northern,F,50 to 59,"9,758","3,039",31.14
01/01/2000 12:00:00 AM,Northern,F,60 to 69,"6,507","3,145",48.33
01/01/2000 12:00:00 AM,Northern,F,70 to 79,"5,545","3,489",62.92
01/01/2000 12:00:00 AM,Northern,F,80 +,"4,436","2,924",65.92
01/01/2000 12:00:00 AM,Northern,M,20 to 29,"8,313",129,1.55
01/01/2000 12:00:00 AM,Northern,M,30 to 39,"10,497",574,5.47
01/01/2000 12:00:00 AM,Northern,M,40 to 49,"11,934","1,511",12.66
01/01/2000 12:00:00 AM,Northern,M,50 to 59,"10,018","2,681",26.76
01/01/2000 12:00:00 AM,Northern,M,60 to 69,"6,371","2,675",41.99
01/01/2000 12:00:00 AM,Northern,M,70 to 79,"4,332","2,315",53.44
01/01/2000 12:00:00 AM,Northern,M,80 +,"2,220","1,269",57.16
01/01/2000 12:00:00 AM,Unknown,F,20 to 29,"12,660",119,0.94
01/01/2000 12:00:00 AM,Unknown,F,30 to 39,"10,151",294,2.9
01/01/2000 12:00:00 AM,Unknown,F,40 to 49,"7,285",666,9.14
01/01/2000 12:00:00 AM,Unknown,F,50 to 59,"4,797","1,160",24.18
01/01/2000 12:00:00 AM,Unknown,F,60 to 69,"2,886","1,152",39.92
01/01/2000 12:00:00 AM,Unknown,F,70 to 79,"2,244","1,300",57.93
01/01/2000 12:00:00 AM,Unknown,F,80 +,"1,639",975,59.49
01/01/2000 12:00:00 AM,Unknown,M,20 to 29,"12,458",125,1
01/01/2000 12:00:00 AM,Unknown,M,30 to 39,"9,211",332,3.6
01/01/2000 12:00:00 AM,Unknown,M,40 to 49,"6,814",616,9.04
01/01/2000 12:00:00 AM,Unknown,M,50 to 59,"4,584",996,21.73
01/01/2000 12:00:00 AM,Unknown,M,60 to 69,"2,738",946,34.55
01/01/2000 12:00:00 AM,Unknown,M,70 to 79,"1,606",717,44.65
01/01/2000 12:00:00 AM,Unknown,M,80 +,805,396,49.19
01/01/2000 12:00:00 AM,Western,F,20 to 29,"10,324",206,2
01/01/2000 12:00:00 AM,Western,F,30 to 39,"14,307",734,5.13
01/01/2000 12:00:00 AM,Western,F,40 to 49,"16,498","1,931",11.7
01/01/2000 12:00:00 AM,Western,F,50 to 59,"13,854","3,957",28.56
01/01/2000 12:00:00 AM,Western,F,60 to 69,"9,392","4,231",45.05
01/01/2000 12:00:00 AM,Western,F,70 to 79,"7,542","4,465",59.2
01/01/2000 12:00:00 AM,Western,F,80 +,"6,034","3,639",60.31
01/01/2000 12:00:00 AM,Western,M,20 to 29,"10,216",113,1.11
01/01/2000 12:00:00 AM,Western,M,30 to 39,"13,831",639,4.62
01/01/2000 12:00:00 AM,Western,M,40 to 49,"15,993","1,787",11.17
01/01/2000 12:00:00 AM,Western,M,50 to 59,"13,771","3,263",23.69
01/01/2000 12:00:00 AM,Western,M,60 to 69,"9,321","3,472",37.25
01/01/2000 12:00:00 AM,Western,M,70 to 79,"6,367","3,083",48.42
01/01/2000 12:00:00 AM,Western,M,80 +,"3,440","1,652",48.02
01/01/2001 12:00:00 AM,Central,F,20 to 29,"23,533",326,1.39
01/01/2001 12:00:00 AM,Central,F,30 to 39,"29,177","1,463",5.01
01/01/2001 12:00:00 AM,Central,F,40 to 49,"30,288","3,492",11.53
01/01/2001 12:00:00 AM,Central,F,50 to 59,"22,571","6,346",28.12
01/01/2001 12:00:00 AM,Central,F,60 to 69,"13,941","6,738",48.33
01/01/2001 12:00:00 AM,Central,F,70 to 79,"11,226","7,162",63.8
01/01/2001 12:00:00 AM,Central,F,80 +,"8,302","5,722",68.92
01/01/2001 12:00:00 AM,Central,M,20 to 29,"22,276",272,1.22
01/01/2001 12:00:00 AM,Central,M,30 to 39,"26,681","1,198",4.49
01/01/2001 12:00:00 AM,Central,M,40 to 49,"28,299","3,250",11.48
01/01/2001 12:00:00 AM,Central,M,50 to 59,"21,391","5,494",25.68
01/01/2001 12:00:00 AM,Central,M,60 to 69,"13,065","5,673",43.42
01/01/2001 12:00:00 AM,Central,M,70 to 79,"8,454","4,844",57.3
01/01/2001 12:00:00 AM,Central,M,80 +,"4,085","2,434",59.58
01/01/2001 12:00:00 AM,Eastern,F,20 to 29,"8,406",168,2
01/01/2001 12:00:00 AM,Eastern,F,30 to 39,"10,821",732,6.76
01/01/2001 12:00:00 AM,Eastern,F,40 to 49,"13,904","2,197",15.8
01/01/2001 12:00:00 AM,Eastern,F,50 to 59,"11,806","3,946",33.42
01/01/2001 12:00:00 AM,Eastern,F,60 to 69,"8,076","4,096",50.72
01/01/2001 12:00:00 AM,Eastern,F,70 to 79,"6,309","4,099",64.97
01/01/2001 12:00:00 AM,Eastern,F,80 +,"5,382","3,636",67.56
01/01/2001 12:00:00 AM,Eastern,M,20 to 29,"8,334",137,1.64
01/01/2001 12:00:00 AM,Eastern,M,30 to 39,"10,551",606,5.74
01/01/2001 12:00:00 AM,Eastern,M,40 to 49,"13,608","1,976",14.52
01/01/2001 12:00:00 AM,Eastern,M,50 to 59,"12,161","3,482",28.63
01/01/2001 12:00:00 AM,Eastern,M,60 to 69,"7,872","3,496",44.41
01/01/2001 12:00:00 AM,Eastern,M,70 to 79,"5,139","2,929",57
01/01/2001 12:00:00 AM,Eastern,M,80 +,"2,734","1,589",58.12
01/01/2001 12:00:00 AM,Northern,F,20 to 29,"8,286",161,1.94
01/01/2001 12:00:00 AM,Northern,F,30 to 39,"10,577",658,6.22
01/01/2001 12:00:00 AM,Northern,F,40 to 49,"12,314","1,840",14.94
01/01/2001 12:00:00 AM,Northern,F,50 to 59,"10,070","3,276",32.53
01/01/2001 12:00:00 AM,Northern,F,60 to 69,"6,655","3,356",50.43
01/01/2001 12:00:00 AM,Northern,F,70 to 79,"5,511","3,585",65.05
01/01/2001 12:00:00 AM,Northern,F,80 +,"4,554","3,168",69.57
01/01/2001 12:00:00 AM,Northern,M,20 to 29,"8,113",121,1.49
01/01/2001 12:00:00 AM,Northern,M,30 to 39,"10,363",635,6.13
01/01/2001 12:00:00 AM,Northern,M,40 to 49,"12,008","1,664",13.86
01/01/2001 12:00:00 AM,Northern,M,50 to 59,"10,388","2,949",28.39
01/01/2001 12:00:00 AM,Northern,M,60 to 69,"6,522","2,896",44.4
01/01/2001 12:00:00 AM,Northern,M,70 to 79,"4,370","2,441",55.86
01/01/2001 12:00:00 AM,Northern,M,80 +,"2,323","1,436",61.82
01/01/2001 12:00:00 AM,Unknown,F,20 to 29,"12,168",118,0.97
01/01/2001 12:00:00 AM,Unknown,F,30 to 39,"9,849",316,3.21
01/01/2001 12:00:00 AM,Unknown,F,40 to 49,"7,224",682,9.44
01/01/2001 12:00:00 AM,Unknown,F,50 to 59,"4,862","1,220",25.09
01/01/2001 12:00:00 AM,Unknown,F,60 to 69,"2,846","1,188",41.74
01/01/2001 12:00:00 AM,Unknown,F,70 to 79,"2,208","1,326",60.05
01/01/2001 12:00:00 AM,Unknown,F,80 +,"1,638","1,056",64.47
01/01/2001 12:00:00 AM,Unknown,M,20 to 29,"12,169",122,1
01/01/2001 12:00:00 AM,Unknown,M,30 to 39,"9,012",337,3.74
01/01/2001 12:00:00 AM,Unknown,M,40 to 49,"6,831",650,9.52
01/01/2001 12:00:00 AM,Unknown,M,50 to 59,"4,661","1,047",22.46
01/01/2001 12:00:00 AM,Unknown,M,60 to 69,"2,751","1,039",37.77
01/01/2001 12:00:00 AM,Unknown,M,70 to 79,"1,565",747,47.73
01/01/2001 12:00:00 AM,Unknown,M,80 +,791,409,51.71
01/01/2001 12:00:00 AM,Western,F,20 to 29,"10,088",208,2.06
01/01/2001 12:00:00 AM,Western,F,30 to 39,"13,901",786,5.65
01/01/2001 12:00:00 AM,Western,F,40 to 49,"16,752","2,067",12.34
01/01/2001 12:00:00 AM,Western,F,50 to 59,"14,302","4,250",29.72
01/01/2001 12:00:00 AM,Western,F,60 to 69,"9,580","4,498",46.95
01/01/2001 12:00:00 AM,Western,F,70 to 79,"7,548","4,637",61.43
01/01/2001 12:00:00 AM,Western,F,80 +,"6,201","3,945",63.62
01/01/2001 12:00:00 AM,Western,M,20 to 29,"10,038",121,1.21
01/01/2001 12:00:00 AM,Western,M,30 to 39,"13,346",630,4.72
01/01/2001 12:00:00 AM,Western,M,40 to 49,"16,202","1,929",11.91
01/01/2001 12:00:00 AM,Western,M,50 to 59,"14,237","3,570",25.08
01/01/2001 12:00:00 AM,Western,M,60 to 69,"9,581","3,769",39.34
01/01/2001 12:00:00 AM,Western,M,70 to 79,"6,431","3,256",50.63
01/01/2001 12:00:00 AM,Western,M,80 +,"3,524","1,840",52.21
01/01/2002 12:00:00 AM,Central,F,20 to 29,"23,760",341,1.44
01/01/2002 12:00:00 AM,Central,F,30 to 39,"28,856","1,490",5.16
01/01/2002 12:00:00 AM,Central,F,40 to 49,"31,289","3,837",12.26
01/01/2002 12:00:00 AM,Central,F,50 to 59,"23,449","6,822",29.09
01/01/2002 12:00:00 AM,Central,F,60 to 69,"14,443","7,192",49.8
01/01/2002 12:00:00 AM,Central,F,70 to 79,"11,242","7,410",65.91
01/01/2002 12:00:00 AM,Central,F,80 +,"8,555","6,107",71.39
01/01/2002 12:00:00 AM,Central,M,20 to 29,"22,578",299,1.32
01/01/2002 12:00:00 AM,Central,M,30 to 39,"26,319","1,250",4.75
01/01/2002 12:00:00 AM,Central,M,40 to 49,"29,334","3,473",11.84
01/01/2002 12:00:00 AM,Central,M,50 to 59,"22,282","6,062",27.21
01/01/2002 12:00:00 AM,Central,M,60 to 69,"13,524","6,089",45.02
01/01/2002 12:00:00 AM,Central,M,70 to 79,"8,663","5,142",59.36
01/01/2002 12:00:00 AM,Central,M,80 +,"4,268","2,665",62.44
01/01/2002 12:00:00 AM,Eastern,F,20 to 29,"8,278",177,2.14
01/01/2002 12:00:00 AM,Eastern,F,30 to 39,"10,419",755,7.25
01/01/2002 12:00:00 AM,Eastern,F,40 to 49,"13,969","2,308",16.52
01/01/2002 12:00:00 AM,Eastern,F,50 to 59,"12,189","4,251",34.88
01/01/2002 12:00:00 AM,Eastern,F,60 to 69,"8,274","4,387",53.02
01/01/2002 12:00:00 AM,Eastern,F,70 to 79,"6,318","4,256",67.36
01/01/2002 12:00:00 AM,Eastern,F,80 +,"5,448","3,902",71.62
01/01/2002 12:00:00 AM,Eastern,M,20 to 29,"8,302",136,1.64
01/01/2002 12:00:00 AM,Eastern,M,30 to 39,"10,177",626,6.15
01/01/2002 12:00:00 AM,Eastern,M,40 to 49,"13,537","2,055",15.18
01/01/2002 12:00:00 AM,Eastern,M,50 to 59,"12,528","3,794",30.28
01/01/2002 12:00:00 AM,Eastern,M,60 to 69,"8,112","3,782",46.62
01/01/2002 12:00:00 AM,Eastern,M,70 to 79,"5,208","3,098",59.49
01/01/2002 12:00:00 AM,Eastern,M,80 +,"2,738","1,713",62.56
01/01/2002 12:00:00 AM,Northern,F,20 to 29,"8,154",175,2.15
01/01/2002 12:00:00 AM,Northern,F,30 to 39,"10,312",695,6.74
01/01/2002 12:00:00 AM,Northern,F,40 to 49,"12,446","1,956",15.72
01/01/2002 12:00:00 AM,Northern,F,50 to 59,"10,377","3,478",33.52
01/01/2002 12:00:00 AM,Northern,F,60 to 69,"6,888","3,633",52.74
01/01/2002 12:00:00 AM,Northern,F,70 to 79,"5,522","3,726",67.48
01/01/2002 12:00:00 AM,Northern,F,80 +,"4,608","3,339",72.46
01/01/2002 12:00:00 AM,Northern,M,20 to 29,"7,968",125,1.57
01/01/2002 12:00:00 AM,Northern,M,30 to 39,"10,194",686,6.73
01/01/2002 12:00:00 AM,Northern,M,40 to 49,"12,069","1,799",14.91
01/01/2002 12:00:00 AM,Northern,M,50 to 59,"10,630","3,165",29.77
01/01/2002 12:00:00 AM,Northern,M,60 to 69,"6,819","3,159",46.33
01/01/2002 12:00:00 AM,Northern,M,70 to 79,"4,435","2,641",59.55
01/01/2002 12:00:00 AM,Northern,M,80 +,"2,382","1,539",64.61
01/01/2002 12:00:00 AM,Unknown,F,20 to 29,"11,948",120,1
01/01/2002 12:00:00 AM,Unknown,F,30 to 39,"9,497",337,3.55
01/01/2002 12:00:00 AM,Unknown,F,40 to 49,"7,259",726,10
01/01/2002 12:00:00 AM,Unknown,F,50 to 59,"4,964","1,269",25.56
01/01/2002 12:00:00 AM,Unknown,F,60 to 69,"2,895","1,258",43.45
01/01/2002 12:00:00 AM,Unknown,F,70 to 79,"2,091","1,279",61.17
01/01/2002 12:00:00 AM,Unknown,F,80 +,"1,647","1,136",68.97
01/01/2002 12:00:00 AM,Unknown,M,20 to 29,"11,909",119,1
01/01/2002 12:00:00 AM,Unknown,M,30 to 39,"8,812",344,3.9
01/01/2002 12:00:00 AM,Unknown,M,40 to 49,"6,876",686,9.98
01/01/2002 12:00:00 AM,Unknown,M,50 to 59,"4,662","1,101",23.62
01/01/2002 12:00:00 AM,Unknown,M,60 to 69,"2,790","1,072",38.42
01/01/2002 12:00:00 AM,Unknown,M,70 to 79,"1,547",779,50.36
01/01/2002 12:00:00 AM,Unknown,M,80 +,808,461,57.05
01/01/2002 12:00:00 AM,Western,F,20 to 29,"9,945",217,2.18
01/01/2002 12:00:00 AM,Western,F,30 to 39,"13,432",811,6.04
01/01/2002 12:00:00 AM,Western,F,40 to 49,"16,952","2,204",13
01/01/2002 12:00:00 AM,Western,F,50 to 59,"14,674","4,577",31.19
01/01/2002 12:00:00 AM,Western,F,60 to 69,"9,925","4,792",48.28
01/01/2002 12:00:00 AM,Western,F,70 to 79,"7,587","4,798",63.24
01/01/2002 12:00:00 AM,Western,F,80 +,"6,292","4,232",67.26
01/01/2002 12:00:00 AM,Western,M,20 to 29,"9,871",134,1.36
01/01/2002 12:00:00 AM,Western,M,30 to 39,"12,969",659,5.08
01/01/2002 12:00:00 AM,Western,M,40 to 49,"16,389","2,007",12.25
01/01/2002 12:00:00 AM,Western,M,50 to 59,"14,601","3,856",26.41
01/01/2002 12:00:00 AM,Western,M,60 to 69,"9,894","4,061",41.05
01/01/2002 12:00:00 AM,Western,M,70 to 79,"6,480","3,417",52.73
01/01/2002 12:00:00 AM,Western,M,80 +,"3,627","2,018",55.64
01/01/2003 12:00:00 AM,Central,F,20 to 29,"24,009",343,1.43
01/01/2003 12:00:00 AM,Central,F,30 to 39,"28,577","1,556",5.44
01/01/2003 12:00:00 AM,Central,F,40 to 49,"32,038","4,156",12.97
01/01/2003 12:00:00 AM,Central,F,50 to 59,"24,468","7,302",29.84
01/01/2003 12:00:00 AM,Central,F,60 to 69,"14,963","7,725",51.63
01/01/2003 12:00:00 AM,Central,F,70 to 79,"11,307","7,677",67.9
01/01/2003 12:00:00 AM,Central,F,80 +,"8,796","6,467",73.52
01/01/2003 12:00:00 AM,Central,M,20 to 29,"23,124",318,1.38
01/01/2003 12:00:00 AM,Central,M,30 to 39,"25,977","1,285",4.95
01/01/2003 12:00:00 AM,Central,M,40 to 49,"30,228","3,770",12.47
01/01/2003 12:00:00 AM,Central,M,50 to 59,"23,194","6,511",28.07
01/01/2003 12:00:00 AM,Central,M,60 to 69,"14,068","6,521",46.35
01/01/2003 12:00:00 AM,Central,M,70 to 79,"8,821","5,434",61.6
01/01/2003 12:00:00 AM,Central,M,80 +,"4,392","2,816",64.12
01/01/2003 12:00:00 AM,Eastern,F,20 to 29,"8,227",194,2.36
01/01/2003 12:00:00 AM,Eastern,F,30 to 39,"10,105",780,7.72
01/01/2003 12:00:00 AM,Eastern,F,40 to 49,"13,874","2,362",17.02
01/01/2003 12:00:00 AM,Eastern,F,50 to 59,"12,510","4,561",36.46
01/01/2003 12:00:00 AM,Eastern,F,60 to 69,"8,505","4,680",55.03
01/01/2003 12:00:00 AM,Eastern,F,70 to 79,"6,344","4,427",69.78
01/01/2003 12:00:00 AM,Eastern,F,80 +,"5,440","4,039",74.25
01/01/2003 12:00:00 AM,Eastern,M,20 to 29,"8,365",135,1.61
01/01/2003 12:00:00 AM,Eastern,M,30 to 39,"9,881",654,6.62
01/01/2003 12:00:00 AM,Eastern,M,40 to 49,"13,370","2,101",15.71
01/01/2003 12:00:00 AM,Eastern,M,50 to 59,"12,903","4,048",31.37
01/01/2003 12:00:00 AM,Eastern,M,60 to 69,"8,418","4,176",49.61
01/01/2003 12:00:00 AM,Eastern,M,70 to 79,"5,186","3,229",62.26
01/01/2003 12:00:00 AM,Eastern,M,80 +,"2,793","1,831",65.56
01/01/2003 12:00:00 AM,Northern,F,20 to 29,"8,056",171,2.12
01/01/2003 12:00:00 AM,Northern,F,30 to 39,"10,142",727,7.17
01/01/2003 12:00:00 AM,Northern,F,40 to 49,"12,463","2,076",16.66
01/01/2003 12:00:00 AM,Northern,F,50 to 59,"10,797","3,732",34.57
01/01/2003 12:00:00 AM,Northern,F,60 to 69,"7,121","3,858",54.18
01/01/2003 12:00:00 AM,Northern,F,70 to 79,"5,523","3,820",69.17
01/01/2003 12:00:00 AM,Northern,F,80 +,"4,623","3,468",75.02
01/01/2003 12:00:00 AM,Northern,M,20 to 29,"7,969",133,1.67
01/01/2003 12:00:00 AM,Northern,M,30 to 39,"9,905",683,6.9
01/01/2003 12:00:00 AM,Northern,M,40 to 49,"12,166","1,847",15.18
01/01/2003 12:00:00 AM,Northern,M,50 to 59,"10,946","3,378",30.86
01/01/2003 12:00:00 AM,Northern,M,60 to 69,"7,112","3,392",47.69
01/01/2003 12:00:00 AM,Northern,M,70 to 79,"4,510","2,809",62.28
01/01/2003 12:00:00 AM,Northern,M,80 +,"2,398","1,631",68.02
01/01/2003 12:00:00 AM,Unknown,F,20 to 29,"12,041",127,1.05
01/01/2003 12:00:00 AM,Unknown,F,30 to 39,"9,096",350,3.85
01/01/2003 12:00:00 AM,Unknown,F,40 to 49,"7,260",729,10.04
01/01/2003 12:00:00 AM,Unknown,F,50 to 59,"5,053","1,328",26.28
01/01/2003 12:00:00 AM,Unknown,F,60 to 69,"2,966","1,313",44.27
01/01/2003 12:00:00 AM,Unknown,F,70 to 79,"2,021","1,269",62.79
01/01/2003 12:00:00 AM,Unknown,F,80 +,"1,620","1,141",70.43
01/01/2003 12:00:00 AM,Unknown,M,20 to 29,"11,788",113,0.96
01/01/2003 12:00:00 AM,Unknown,M,30 to 39,"8,546",361,4.22
01/01/2003 12:00:00 AM,Unknown,M,40 to 49,"6,974",698,10.01
01/01/2003 12:00:00 AM,Unknown,M,50 to 59,"4,683","1,128",24.09
01/01/2003 12:00:00 AM,Unknown,M,60 to 69,"2,789","1,109",39.76
01/01/2003 12:00:00 AM,Unknown,M,70 to 79,"1,554",832,53.54
01/01/2003 12:00:00 AM,Unknown,M,80 +,803,466,58.03
01/01/2003 12:00:00 AM,Western,F,20 to 29,"9,884",226,2.29
01/01/2003 12:00:00 AM,Western,F,30 to 39,"12,881",820,6.37
01/01/2003 12:00:00 AM,Western,F,40 to 49,"17,201","2,421",14.07
01/01/2003 12:00:00 AM,Western,F,50 to 59,"15,074","4,836",32.08
01/01/2003 12:00:00 AM,Western,F,60 to 69,"10,284","5,130",49.88
01/01/2003 12:00:00 AM,Western,F,70 to 79,"7,637","5,006",65.55
01/01/2003 12:00:00 AM,Western,F,80 +,"6,390","4,468",69.92
01/01/2003 12:00:00 AM,Western,M,20 to 29,"9,818",138,1.41
01/01/2003 12:00:00 AM,Western,M,30 to 39,"12,548",694,5.53
01/01/2003 12:00:00 AM,Western,M,40 to 49,"16,531","2,145",12.98
01/01/2003 12:00:00 AM,Western,M,50 to 59,"15,003","4,175",27.83
01/01/2003 12:00:00 AM,Western,M,60 to 69,"10,217","4,368",42.75
01/01/2003 12:00:00 AM,Western,M,70 to 79,"6,603","3,665",55.51
01/01/2003 12:00:00 AM,Western,M,80 +,"3,707","2,179",58.78
01/01/2004 12:00:00 AM,Central,F,20 to 29,"24,434",357,1.46
01/01/2004 12:00:00 AM,Central,F,30 to 39,"28,163","1,645",5.84
01/01/2004 12:00:00 AM,Central,F,40 to 49,"32,658","4,410",13.5
01/01/2004 12:00:00 AM,Central,F,50 to 59,"25,516","7,857",30.79
01/01/2004 12:00:00 AM,Central,F,60 to 69,"15,558","8,180",52.58
01/01/2004 12:00:00 AM,Central,F,70 to 79,"11,394","7,908",69.4
01/01/2004 12:00:00 AM,Central,F,80 +,"8,973","6,770",75.45
01/01/2004 12:00:00 AM,Central,M,20 to 29,"23,630",317,1.34
01/01/2004 12:00:00 AM,Central,M,30 to 39,"25,732","1,307",5.08
01/01/2004 12:00:00 AM,Central,M,40 to 49,"30,885","4,017",13.01
01/01/2004 12:00:00 AM,Central,M,50 to 59,"24,093","7,018",29.13
01/01/2004 12:00:00 AM,Central,M,60 to 69,"14,630","6,993",47.8
01/01/2004 12:00:00 AM,Central,M,70 to 79,"9,025","5,730",63.49
01/01/2004 12:00:00 AM,Central,M,80 +,"4,542","3,019",66.47
01/01/2004 12:00:00 AM,Eastern,F,20 to 29,"8,142",188,2.31
01/01/2004 12:00:00 AM,Eastern,F,30 to 39,"9,770",824,8.43
01/01/2004 12:00:00 AM,Eastern,F,40 to 49,"13,787","2,473",17.94
01/01/2004 12:00:00 AM,Eastern,F,50 to 59,"12,906","4,753",36.83
01/01/2004 12:00:00 AM,Eastern,F,60 to 69,"8,809","5,035",57.16
01/01/2004 12:00:00 AM,Eastern,F,70 to 79,"6,321","4,520",71.51
01/01/2004 12:00:00 AM,Eastern,F,80 +,"5,490","4,196",76.43
01/01/2004 12:00:00 AM,Eastern,M,20 to 29,"8,342",133,1.59
01/01/2004 12:00:00 AM,Eastern,M,30 to 39,"9,667",692,7.16
01/01/2004 12:00:00 AM,Eastern,M,40 to 49,"13,168","2,165",16.44
01/01/2004 12:00:00 AM,Eastern,M,50 to 59,"13,366","4,386",32.81
01/01/2004 12:00:00 AM,Eastern,M,60 to 69,"8,627","4,422",51.26
01/01/2004 12:00:00 AM,Eastern,M,70 to 79,"5,228","3,359",64.25
01/01/2004 12:00:00 AM,Eastern,M,80 +,"2,846","1,952",68.59
01/01/2004 12:00:00 AM,Northern,F,20 to 29,"7,978",178,2.23
01/01/2004 12:00:00 AM,Northern,F,30 to 39,"9,971",740,7.42
01/01/2004 12:00:00 AM,Northern,F,40 to 49,"12,441","2,136",17.17
01/01/2004 12:00:00 AM,Northern,F,50 to 59,"11,277","4,043",35.85
01/01/2004 12:00:00 AM,Northern,F,60 to 69,"7,298","4,068",55.74
01/01/2004 12:00:00 AM,Northern,F,70 to 79,"5,490","3,891",70.87
01/01/2004 12:00:00 AM,Northern,F,80 +,"4,729","3,672",77.65
01/01/2004 12:00:00 AM,Northern,M,20 to 29,"8,019",129,1.61
01/01/2004 12:00:00 AM,Northern,M,30 to 39,"9,594",674,7.03
01/01/2004 12:00:00 AM,Northern,M,40 to 49,"12,228","1,998",16.34
01/01/2004 12:00:00 AM,Northern,M,50 to 59,"11,304","3,606",31.9
01/01/2004 12:00:00 AM,Northern,M,60 to 69,"7,432","3,704",49.84
01/01/2004 12:00:00 AM,Northern,M,70 to 79,"4,545","2,952",64.95
01/01/2004 12:00:00 AM,Northern,M,80 +,"2,477","1,728",69.76
01/01/2004 12:00:00 AM,Unknown,F,20 to 29,"11,999",124,1.03
01/01/2004 12:00:00 AM,Unknown,F,30 to 39,"8,789",360,4.1
01/01/2004 12:00:00 AM,Unknown,F,40 to 49,"7,237",729,10.07
01/01/2004 12:00:00 AM,Unknown,F,50 to 59,"5,158","1,377",26.7
01/01/2004 12:00:00 AM,Unknown,F,60 to 69,"3,033","1,373",45.27
01/01/2004 12:00:00 AM,Unknown,F,70 to 79,"1,963","1,276",65
01/01/2004 12:00:00 AM,Unknown,F,80 +,"1,596","1,173",73.5
01/01/2004 12:00:00 AM,Unknown,M,20 to 29,"11,699",120,1.03
01/01/2004 12:00:00 AM,Unknown,M,30 to 39,"8,275",353,4.27
01/01/2004 12:00:00 AM,Unknown,M,40 to 49,"6,954",713,10.25
01/01/2004 12:00:00 AM,Unknown,M,50 to 59,"4,802","1,173",24.43
01/01/2004 12:00:00 AM,Unknown,M,60 to 69,"2,810","1,147",40.82
01/01/2004 12:00:00 AM,Unknown,M,70 to 79,"1,544",855,55.38
01/01/2004 12:00:00 AM,Unknown,M,80 +,802,486,60.6
01/01/2004 12:00:00 AM,Western,F,20 to 29,"9,833",213,2.17
01/01/2004 12:00:00 AM,Western,F,30 to 39,"12,455",829,6.66
01/01/2004 12:00:00 AM,Western,F,40 to 49,"17,280","2,562",14.83
01/01/2004 12:00:00 AM,Western,F,50 to 59,"15,595","5,090",32.64
01/01/2004 12:00:00 AM,Western,F,60 to 69,"10,608","5,415",51.05
01/01/2004 12:00:00 AM,Western,F,70 to 79,"7,697","5,189",67.42
01/01/2004 12:00:00 AM,Western,F,80 +,"6,433","4,614",71.72
01/01/2004 12:00:00 AM,Western,M,20 to 29,"9,784",151,1.54
01/01/2004 12:00:00 AM,Western,M,30 to 39,"12,111",669,5.52
01/01/2004 12:00:00 AM,Western,M,40 to 49,"16,601","2,301",13.86
01/01/2004 12:00:00 AM,Western,M,50 to 59,"15,411","4,502",29.21
01/01/2004 12:00:00 AM,Western,M,60 to 69,"10,560","4,681",44.33
01/01/2004 12:00:00 AM,Western,M,70 to 79,"6,736","3,893",57.79
01/01/2004 12:00:00 AM,Western,M,80 +,"3,746","2,271",60.62
01/01/2005 12:00:00 AM,Central,F,20 to 29,"24,753",380,1.54
01/01/2005 12:00:00 AM,Central,F,30 to 39,"28,195","1,664",5.9
01/01/2005 12:00:00 AM,Central,F,40 to 49,"32,938","4,650",14.12
01/01/2005 12:00:00 AM,Central,F,50 to 59,"26,659","8,435",31.64
01/01/2005 12:00:00 AM,Central,F,60 to 69,"16,270","8,730",53.66
01/01/2005 12:00:00 AM,Central,F,70 to 79,"11,350","8,042",70.85
01/01/2005 12:00:00 AM,Central,F,80 +,"9,150","7,033",76.86
01/01/2005 12:00:00 AM,Central,M,20 to 29,"24,081",366,1.52
01/01/2005 12:00:00 AM,Central,M,30 to 39,"25,711","1,359",5.29
01/01/2005 12:00:00 AM,Central,M,40 to 49,"31,304","4,300",13.74
01/01/2005 12:00:00 AM,Central,M,50 to 59,"25,057","7,510",29.97
01/01/2005 12:00:00 AM,Central,M,60 to 69,"15,285","7,497",49.05
01/01/2005 12:00:00 AM,Central,M,70 to 79,"9,255","6,025",65.1
01/01/2005 12:00:00 AM,Central,M,80 +,"4,656","3,204",68.81
01/01/2005 12:00:00 AM,Eastern,F,20 to 29,"8,113",179,2.21
01/01/2005 12:00:00 AM,Eastern,F,30 to 39,"9,580",868,9.06
01/01/2005 12:00:00 AM,Eastern,F,40 to 49,"13,574","2,555",18.82
01/01/2005 12:00:00 AM,Eastern,F,50 to 59,"13,299","5,066",38.09
01/01/2005 12:00:00 AM,Eastern,F,60 to 69,"9,035","5,296",58.62
01/01/2005 12:00:00 AM,Eastern,F,70 to 79,"6,373","4,660",73.12
01/01/2005 12:00:00 AM,Eastern,F,80 +,"5,483","4,330",78.97
01/01/2005 12:00:00 AM,Eastern,M,20 to 29,"8,310",147,1.77
01/01/2005 12:00:00 AM,Eastern,M,30 to 39,"9,547",706,7.39
01/01/2005 12:00:00 AM,Eastern,M,40 to 49,"12,926","2,269",17.55
01/01/2005 12:00:00 AM,Eastern,M,50 to 59,"13,605","4,620",33.96
01/01/2005 12:00:00 AM,Eastern,M,60 to 69,"8,907","4,708",52.86
01/01/2005 12:00:00 AM,Eastern,M,70 to 79,"5,336","3,515",65.87
01/01/2005 12:00:00 AM,Eastern,M,80 +,"2,874","2,055",71.5
01/01/2005 12:00:00 AM,Northern,F,20 to 29,"7,959",194,2.44
01/01/2005 12:00:00 AM,Northern,F,30 to 39,"9,740",748,7.68
01/01/2005 12:00:00 AM,Northern,F,40 to 49,"12,434","2,190",17.61
01/01/2005 12:00:00 AM,Northern,F,50 to 59,"11,577","4,248",36.69
01/01/2005 12:00:00 AM,Northern,F,60 to 69,"7,581","4,299",56.71
01/01/2005 12:00:00 AM,Northern,F,70 to 79,"5,507","3,962",71.94
01/01/2005 12:00:00 AM,Northern,F,80 +,"4,788","3,821",79.8
01/01/2005 12:00:00 AM,Northern,M,20 to 29,"7,973",137,1.72
01/01/2005 12:00:00 AM,Northern,M,30 to 39,"9,445",691,7.32
01/01/2005 12:00:00 AM,Northern,M,40 to 49,"12,143","2,101",17.3
01/01/2005 12:00:00 AM,Northern,M,50 to 59,"11,612","3,820",32.9
01/01/2005 12:00:00 AM,Northern,M,60 to 69,"7,671","3,927",51.19
01/01/2005 12:00:00 AM,Northern,M,70 to 79,"4,641","3,057",65.87
01/01/2005 12:00:00 AM,Northern,M,80 +,"2,527","1,794",70.99
01/01/2005 12:00:00 AM,Unknown,F,20 to 29,"11,830",121,1.02
01/01/2005 12:00:00 AM,Unknown,F,30 to 39,"8,521",391,4.59
01/01/2005 12:00:00 AM,Unknown,F,40 to 49,"7,143",748,10.47
01/01/2005 12:00:00 AM,Unknown,F,50 to 59,"5,194","1,395",26.86
01/01/2005 12:00:00 AM,Unknown,F,60 to 69,"3,091","1,436",46.46
01/01/2005 12:00:00 AM,Unknown,F,70 to 79,"1,855","1,235",66.58
01/01/2005 12:00:00 AM,Unknown,F,80 +,"1,595","1,199",75.17
01/01/2005 12:00:00 AM,Unknown,M,20 to 29,"11,520",116,1.01
01/01/2005 12:00:00 AM,Unknown,M,30 to 39,"7,955",362,4.55
01/01/2005 12:00:00 AM,Unknown,M,40 to 49,"6,878",742,10.79
01/01/2005 12:00:00 AM,Unknown,M,50 to 59,"4,848","1,204",24.83
01/01/2005 12:00:00 AM,Unknown,M,60 to 69,"2,826","1,186",41.97
01/01/2005 12:00:00 AM,Unknown,M,70 to 79,"1,529",875,57.23
01/01/2005 12:00:00 AM,Unknown,M,80 +,799,505,63.2
01/01/2005 12:00:00 AM,Western,F,20 to 29,"9,806",203,2.07
01/01/2005 12:00:00 AM,Western,F,30 to 39,"12,087",831,6.88
01/01/2005 12:00:00 AM,Western,F,40 to 49,"17,219","2,736",15.89
01/01/2005 12:00:00 AM,Western,F,50 to 59,"15,987","5,325",33.31
01/01/2005 12:00:00 AM,Western,F,60 to 69,"11,042","5,745",52.03
01/01/2005 12:00:00 AM,Western,F,70 to 79,"7,757","5,359",69.09
01/01/2005 12:00:00 AM,Western,F,80 +,"6,468","4,798",74.18
01/01/2005 12:00:00 AM,Western,M,20 to 29,"9,726",144,1.48
01/01/2005 12:00:00 AM,Western,M,30 to 39,"11,861",709,5.98
01/01/2005 12:00:00 AM,Western,M,40 to 49,"16,500","2,420",14.67
01/01/2005 12:00:00 AM,Western,M,50 to 59,"15,692","4,758",30.32
01/01/2005 12:00:00 AM,Western,M,60 to 69,"10,950","5,062",46.23
01/01/2005 12:00:00 AM,Western,M,70 to 79,"6,875","4,068",59.17
01/01/2005 12:00:00 AM,Western,M,80 +,"3,828","2,437",63.66
01/01/2006 12:00:00 AM,Central,F,20 to 29,"25,210",400,1.59
01/01/2006 12:00:00 AM,Central,F,30 to 39,"28,270","1,705",6.03
01/01/2006 12:00:00 AM,Central,F,40 to 49,"33,209","4,844",14.59
01/01/2006 12:00:00 AM,Central,F,50 to 59,"27,306","8,685",31.81
01/01/2006 12:00:00 AM,Central,F,60 to 69,"17,388","9,315",53.57
01/01/2006 12:00:00 AM,Central,F,70 to 79,"11,409","8,229",72.13
01/01/2006 12:00:00 AM,Central,F,80 +,"9,433","7,370",78.13
01/01/2006 12:00:00 AM,Central,M,20 to 29,"24,563",379,1.54
01/01/2006 12:00:00 AM,Central,M,30 to 39,"25,865","1,427",5.52
01/01/2006 12:00:00 AM,Central,M,40 to 49,"31,540","4,479",14.2
01/01/2006 12:00:00 AM,Central,M,50 to 59,"25,813","7,902",30.61
01/01/2006 12:00:00 AM,Central,M,60 to 69,"16,324","8,169",50.04
01/01/2006 12:00:00 AM,Central,M,70 to 79,"9,507","6,325",66.53
01/01/2006 12:00:00 AM,Central,M,80 +,"4,813","3,429",71.24
01/01/2006 12:00:00 AM,Eastern,F,20 to 29,"8,078",195,2.41
01/01/2006 12:00:00 AM,Eastern,F,30 to 39,"9,373",857,9.14
01/01/2006 12:00:00 AM,Eastern,F,40 to 49,"13,293","2,619",19.7
01/01/2006 12:00:00 AM,Eastern,F,50 to 59,"13,417","5,183",38.63
01/01/2006 12:00:00 AM,Eastern,F,60 to 69,"9,509","5,595",58.84
01/01/2006 12:00:00 AM,Eastern,F,70 to 79,"6,518","4,853",74.46
01/01/2006 12:00:00 AM,Eastern,F,80 +,"5,494","4,409",80.25
01/01/2006 12:00:00 AM,Eastern,M,20 to 29,"8,281",159,1.92
01/01/2006 12:00:00 AM,Eastern,M,30 to 39,"9,297",719,7.73
01/01/2006 12:00:00 AM,Eastern,M,40 to 49,"12,642","2,300",18.19
01/01/2006 12:00:00 AM,Eastern,M,50 to 59,"13,667","4,786",35.02
01/01/2006 12:00:00 AM,Eastern,M,60 to 69,"9,448","5,139",54.39
01/01/2006 12:00:00 AM,Eastern,M,70 to 79,"5,434","3,655",67.26
01/01/2006 12:00:00 AM,Eastern,M,80 +,"2,853","2,084",73.05
01/01/2006 12:00:00 AM,Northern,F,20 to 29,"7,825",180,2.3
01/01/2006 12:00:00 AM,Northern,F,30 to 39,"9,646",748,7.75
01/01/2006 12:00:00 AM,Northern,F,40 to 49,"12,365","2,202",17.81
01/01/2006 12:00:00 AM,Northern,F,50 to 59,"11,720","4,310",36.77
01/01/2006 12:00:00 AM,Northern,F,60 to 69,"8,034","4,627",57.59
01/01/2006 12:00:00 AM,Northern,F,70 to 79,"5,535","3,998",72.23
01/01/2006 12:00:00 AM,Northern,F,80 +,"4,834","3,921",81.11
01/01/2006 12:00:00 AM,Northern,M,20 to 29,"7,840",148,1.89
01/01/2006 12:00:00 AM,Northern,M,30 to 39,"9,381",688,7.33
01/01/2006 12:00:00 AM,Northern,M,40 to 49,"11,988","2,152",17.95
01/01/2006 12:00:00 AM,Northern,M,50 to 59,"11,752","3,962",33.71
01/01/2006 12:00:00 AM,Northern,M,60 to 69,"8,189","4,290",52.39
01/01/2006 12:00:00 AM,Northern,M,70 to 79,"4,743","3,189",67.24
01/01/2006 12:00:00 AM,Northern,M,80 +,"2,580","1,896",73.49
01/01/2006 12:00:00 AM,Unknown,F,20 to 29,"11,597",124,1.07
01/01/2006 12:00:00 AM,Unknown,F,30 to 39,"8,101",358,4.42
01/01/2006 12:00:00 AM,Unknown,F,40 to 49,"6,850",717,10.47
01/01/2006 12:00:00 AM,Unknown,F,50 to 59,"5,194","1,374",26.45
01/01/2006 12:00:00 AM,Unknown,F,60 to 69,"3,227","1,497",46.39
01/01/2006 12:00:00 AM,Unknown,F,70 to 79,"1,786","1,218",68.2
01/01/2006 12:00:00 AM,Unknown,F,80 +,"1,653","1,252",75.74
01/01/2006 12:00:00 AM,Unknown,M,20 to 29,"11,045",111,1
01/01/2006 12:00:00 AM,Unknown,M,30 to 39,"7,523",370,4.92
01/01/2006 12:00:00 AM,Unknown,M,40 to 49,"6,678",755,11.31
01/01/2006 12:00:00 AM,Unknown,M,50 to 59,"4,806","1,167",24.28
01/01/2006 12:00:00 AM,Unknown,M,60 to 69,"2,950","1,269",43.02
01/01/2006 12:00:00 AM,Unknown,M,70 to 79,"1,516",894,58.97
01/01/2006 12:00:00 AM,Unknown,M,80 +,791,501,63.34
01/01/2006 12:00:00 AM,Western,F,20 to 29,"9,771",208,2.13
01/01/2006 12:00:00 AM,Western,F,30 to 39,"11,942",846,7.08
01/01/2006 12:00:00 AM,Western,F,40 to 49,"16,908","2,783",16.46
01/01/2006 12:00:00 AM,Western,F,50 to 59,"16,158","5,435",33.64
01/01/2006 12:00:00 AM,Western,F,60 to 69,"11,768","6,273",53.31
01/01/2006 12:00:00 AM,Western,F,70 to 79,"7,823","5,497",70.27
01/01/2006 12:00:00 AM,Western,F,80 +,"6,563","4,993",76.08
01/01/2006 12:00:00 AM,Western,M,20 to 29,"9,683",157,1.62
01/01/2006 12:00:00 AM,Western,M,30 to 39,"11,610",738,6.36
01/01/2006 12:00:00 AM,Western,M,40 to 49,"16,279","2,501",15.36
01/01/2006 12:00:00 AM,Western,M,50 to 59,"15,847","4,959",31.29
01/01/2006 12:00:00 AM,Western,M,60 to 69,"11,539","5,514",47.79
01/01/2006 12:00:00 AM,Western,M,70 to 79,"7,061","4,285",60.69
01/01/2006 12:00:00 AM,Western,M,80 +,"3,886","2,575",66.26
01/01/2007 12:00:00 AM,Central,F,20 to 29,"25,666",379,1.48
01/01/2007 12:00:00 AM,Central,F,30 to 39,"28,473","1,718",6.03
01/01/2007 12:00:00 AM,Central,F,40 to 49,"33,352","4,968",14.9
01/01/2007 12:00:00 AM,Central,F,50 to 59,"27,916","8,857",31.73
01/01/2007 12:00:00 AM,Central,F,60 to 69,"18,623","9,994",53.66
01/01/2007 12:00:00 AM,Central,F,70 to 79,"11,507","8,377",72.8
01/01/2007 12:00:00 AM,Central,F,80 +,"9,594","7,661",79.85
01/01/2007 12:00:00 AM,Central,M,20 to 29,"24,866",399,1.6
01/01/2007 12:00:00 AM,Central,M,30 to 39,"26,160","1,483",5.67
01/01/2007 12:00:00 AM,Central,M,40 to 49,"31,446","4,566",14.52
01/01/2007 12:00:00 AM,Central,M,50 to 59,"26,601","8,283",31.14
01/01/2007 12:00:00 AM,Central,M,60 to 69,"17,445","8,865",50.82
01/01/2007 12:00:00 AM,Central,M,70 to 79,"9,706","6,598",67.98
01/01/2007 12:00:00 AM,Central,M,80 +,"4,950","3,630",73.33
01/01/2007 12:00:00 AM,Eastern,F,20 to 29,"8,028",177,2.2
01/01/2007 12:00:00 AM,Eastern,F,30 to 39,"9,261",842,9.09
01/01/2007 12:00:00 AM,Eastern,F,40 to 49,"12,836","2,618",20.4
01/01/2007 12:00:00 AM,Eastern,F,50 to 59,"13,590","5,236",38.53
01/01/2007 12:00:00 AM,Eastern,F,60 to 69,"10,062","6,029",59.92
01/01/2007 12:00:00 AM,Eastern,F,70 to 79,"6,547","4,958",75.73
01/01/2007 12:00:00 AM,Eastern,F,80 +,"5,517","4,529",82.09
01/01/2007 12:00:00 AM,Eastern,M,20 to 29,"8,321",162,1.95
01/01/2007 12:00:00 AM,Eastern,M,30 to 39,"9,088",745,8.2
01/01/2007 12:00:00 AM,Eastern,M,40 to 49,"12,329","2,330",18.9
01/01/2007 12:00:00 AM,Eastern,M,50 to 59,"13,619","4,898",35.96
01/01/2007 12:00:00 AM,Eastern,M,60 to 69,"9,963","5,548",55.69
01/01/2007 12:00:00 AM,Eastern,M,70 to 79,"5,581","3,833",68.68
01/01/2007 12:00:00 AM,Eastern,M,80 +,"2,894","2,146",74.15
01/01/2007 12:00:00 AM,Northern,F,20 to 29,"7,823",175,2.24
01/01/2007 12:00:00 AM,Northern,F,30 to 39,"9,525",755,7.93
01/01/2007 12:00:00 AM,Northern,F,40 to 49,"12,133","2,196",18.1
01/01/2007 12:00:00 AM,Northern,F,50 to 59,"11,890","4,326",36.38
01/01/2007 12:00:00 AM,Northern,F,60 to 69,"8,603","4,968",57.75
01/01/2007 12:00:00 AM,Northern,F,70 to 79,"5,540","4,067",73.41
01/01/2007 12:00:00 AM,Northern,F,80 +,"4,873","4,001",82.11
01/01/2007 12:00:00 AM,Northern,M,20 to 29,"7,757",155,2
01/01/2007 12:00:00 AM,Northern,M,30 to 39,"9,241",681,7.37
01/01/2007 12:00:00 AM,Northern,M,40 to 49,"11,782","2,116",17.96
01/01/2007 12:00:00 AM,Northern,M,50 to 59,"11,947","4,128",34.55
01/01/2007 12:00:00 AM,Northern,M,60 to 69,"8,615","4,624",53.67
01/01/2007 12:00:00 AM,Northern,M,70 to 79,"4,854","3,311",68.21
01/01/2007 12:00:00 AM,Northern,M,80 +,"2,626","1,985",75.59
01/01/2007 12:00:00 AM,Unknown,F,20 to 29,"10,959",116,1.06
01/01/2007 12:00:00 AM,Unknown,F,30 to 39,"7,658",357,4.66
01/01/2007 12:00:00 AM,Unknown,F,40 to 49,"6,499",684,10.52
01/01/2007 12:00:00 AM,Unknown,F,50 to 59,"5,102","1,335",26.17
01/01/2007 12:00:00 AM,Unknown,F,60 to 69,"3,313","1,547",46.69
01/01/2007 12:00:00 AM,Unknown,F,70 to 79,"1,789","1,206",67.41
01/01/2007 12:00:00 AM,Unknown,F,80 +,"1,625","1,261",77.6
01/01/2007 12:00:00 AM,Unknown,M,20 to 29,"10,307",104,1.01
01/01/2007 12:00:00 AM,Unknown,M,30 to 39,"7,043",338,4.8
01/01/2007 12:00:00 AM,Unknown,M,40 to 49,"6,294",744,11.82
01/01/2007 12:00:00 AM,Unknown,M,50 to 59,"4,699","1,139",24.24
01/01/2007 12:00:00 AM,Unknown,M,60 to 69,"3,012","1,315",43.66
01/01/2007 12:00:00 AM,Unknown,M,70 to 79,"1,532",911,59.46
01/01/2007 12:00:00 AM,Unknown,M,80 +,790,502,63.54
01/01/2007 12:00:00 AM,Western,F,20 to 29,"9,718",208,2.14
01/01/2007 12:00:00 AM,Western,F,30 to 39,"11,763",864,7.35
01/01/2007 12:00:00 AM,Western,F,40 to 49,"16,546","2,786",16.84
01/01/2007 12:00:00 AM,Western,F,50 to 59,"16,376","5,456",33.32
01/01/2007 12:00:00 AM,Western,F,60 to 69,"12,446","6,672",53.61
01/01/2007 12:00:00 AM,Western,F,70 to 79,"8,007","5,697",71.15
01/01/2007 12:00:00 AM,Western,F,80 +,"6,600","5,167",78.29
01/01/2007 12:00:00 AM,Western,M,20 to 29,"9,623",162,1.68
01/01/2007 12:00:00 AM,Western,M,30 to 39,"11,394",752,6.6
01/01/2007 12:00:00 AM,Western,M,40 to 49,"15,816","2,541",16.07
01/01/2007 12:00:00 AM,Western,M,50 to 59,"16,126","5,154",31.96
01/01/2007 12:00:00 AM,Western,M,60 to 69,"12,183","5,898",48.41
01/01/2007 12:00:00 AM,Western,M,70 to 79,"7,238","4,539",62.71
01/01/2007 12:00:00 AM,Western,M,80 +,"3,972","2,722",68.53
01/01/2008 12:00:00 AM,Central,F,20 to 29,"26,203",365,1.39
01/01/2008 12:00:00 AM,Central,F,30 to 39,"28,817","1,718",5.96
01/01/2008 12:00:00 AM,Central,F,40 to 49,"33,285","5,032",15.12
01/01/2008 12:00:00 AM,Central,F,50 to 59,"28,893","9,099",31.49
01/01/2008 12:00:00 AM,Central,F,60 to 69,"19,638","10,555",53.75
01/01/2008 12:00:00 AM,Central,F,70 to 79,"11,745","8,637",73.54
01/01/2008 12:00:00 AM,Central,F,80 +,"9,748","7,940",81.45
01/01/2008 12:00:00 AM,Central,M,20 to 29,"25,565",407,1.59
01/01/2008 12:00:00 AM,Central,M,30 to 39,"26,525","1,523",5.74
01/01/2008 12:00:00 AM,Central,M,40 to 49,"31,537","4,693",14.88
01/01/2008 12:00:00 AM,Central,M,50 to 59,"27,471","8,556",31.15
01/01/2008 12:00:00 AM,Central,M,60 to 69,"18,366","9,458",51.5
01/01/2008 12:00:00 AM,Central,M,70 to 79,"9,999","6,936",69.37
01/01/2008 12:00:00 AM,Central,M,80 +,"5,122","3,856",75.28
01/01/2008 12:00:00 AM,Eastern,F,20 to 29,"7,981",169,2.12
01/01/2008 12:00:00 AM,Eastern,F,30 to 39,"9,173",818,8.92
01/01/2008 12:00:00 AM,Eastern,F,40 to 49,"12,470","2,623",21.03
01/01/2008 12:00:00 AM,Eastern,F,50 to 59,"13,766","5,325",38.68
01/01/2008 12:00:00 AM,Eastern,F,60 to 69,"10,501","6,352",60.49
01/01/2008 12:00:00 AM,Eastern,F,70 to 79,"6,649","5,102",76.73
01/01/2008 12:00:00 AM,Eastern,F,80 +,"5,558","4,649",83.65
01/01/2008 12:00:00 AM,Eastern,M,20 to 29,"8,393",158,1.88
01/01/2008 12:00:00 AM,Eastern,M,30 to 39,"9,036",749,8.29
01/01/2008 12:00:00 AM,Eastern,M,40 to 49,"12,072","2,346",19.43
01/01/2008 12:00:00 AM,Eastern,M,50 to 59,"13,649","4,994",36.59
01/01/2008 12:00:00 AM,Eastern,M,60 to 69,"10,374","5,869",56.57
01/01/2008 12:00:00 AM,Eastern,M,70 to 79,"5,753","4,093",71.15
01/01/2008 12:00:00 AM,Eastern,M,80 +,"2,944","2,226",75.61
01/01/2008 12:00:00 AM,Northern,F,20 to 29,"7,803",174,2.23
01/01/2008 12:00:00 AM,Northern,F,30 to 39,"9,507",769,8.09
01/01/2008 12:00:00 AM,Northern,F,40 to 49,"11,934","2,226",18.65
01/01/2008 12:00:00 AM,Northern,F,50 to 59,"12,053","4,400",36.51
01/01/2008 12:00:00 AM,Northern,F,60 to 69,"8,987","5,194",57.79
01/01/2008 12:00:00 AM,Northern,F,70 to 79,"5,691","4,230",74.33
01/01/2008 12:00:00 AM,Northern,F,80 +,"4,941","4,113",83.24
01/01/2008 12:00:00 AM,Northern,M,20 to 29,"7,789",159,2.04
01/01/2008 12:00:00 AM,Northern,M,30 to 39,"9,196",695,7.56
01/01/2008 12:00:00 AM,Northern,M,40 to 49,"11,687","2,165",18.52
01/01/2008 12:00:00 AM,Northern,M,50 to 59,"12,054","4,262",35.36
01/01/2008 12:00:00 AM,Northern,M,60 to 69,"9,026","4,958",54.93
01/01/2008 12:00:00 AM,Northern,M,70 to 79,"4,991","3,466",69.45
01/01/2008 12:00:00 AM,Northern,M,80 +,"2,702","2,070",76.61
01/01/2008 12:00:00 AM,Unknown,F,20 to 29,"10,538",91,0.86
01/01/2008 12:00:00 AM,Unknown,F,30 to 39,"7,185",337,4.69
01/01/2008 12:00:00 AM,Unknown,F,40 to 49,"6,253",667,10.67
01/01/2008 12:00:00 AM,Unknown,F,50 to 59,"5,026","1,287",25.61
01/01/2008 12:00:00 AM,Unknown,F,60 to 69,"3,403","1,589",46.69
01/01/2008 12:00:00 AM,Unknown,F,70 to 79,"1,785","1,209",67.73
01/01/2008 12:00:00 AM,Unknown,F,80 +,"1,611","1,271",78.9
01/01/2008 12:00:00 AM,Unknown,M,20 to 29,"9,815",101,1.03
01/01/2008 12:00:00 AM,Unknown,M,30 to 39,"6,689",357,5.34
01/01/2008 12:00:00 AM,Unknown,M,40 to 49,"6,011",730,12.14
01/01/2008 12:00:00 AM,Unknown,M,50 to 59,"4,587","1,119",24.4
01/01/2008 12:00:00 AM,Unknown,M,60 to 69,"3,098","1,358",43.83
01/01/2008 12:00:00 AM,Unknown,M,70 to 79,"1,539",935,60.75
01/01/2008 12:00:00 AM,Unknown,M,80 +,798,528,66.17
01/01/2008 12:00:00 AM,Western,F,20 to 29,"9,775",190,1.94
01/01/2008 12:00:00 AM,Western,F,30 to 39,"11,535",898,7.79
01/01/2008 12:00:00 AM,Western,F,40 to 49,"16,270","2,804",17.23
01/01/2008 12:00:00 AM,Western,F,50 to 59,"16,629","5,552",33.39
01/01/2008 12:00:00 AM,Western,F,60 to 69,"13,044","7,015",53.78
01/01/2008 12:00:00 AM,Western,F,70 to 79,"8,205","5,914",72.08
01/01/2008 12:00:00 AM,Western,F,80 +,"6,724","5,391",80.18
01/01/2008 12:00:00 AM,Western,M,20 to 29,"9,747",167,1.71
01/01/2008 12:00:00 AM,Western,M,30 to 39,"11,158",747,6.69
01/01/2008 12:00:00 AM,Western,M,40 to 49,"15,533","2,573",16.56
01/01/2008 12:00:00 AM,Western,M,50 to 59,"16,298","5,245",32.18
01/01/2008 12:00:00 AM,Western,M,60 to 69,"12,848","6,454",50.23
01/01/2008 12:00:00 AM,Western,M,70 to 79,"7,402","4,775",64.51
01/01/2008 12:00:00 AM,Western,M,80 +,"4,082","2,899",71.02
01/01/2009 12:00:00 AM,Central,F,20 to 29,"26,730",352,1.32
01/01/2009 12:00:00 AM,Central,F,30 to 39,"29,139","1,710",5.87
01/01/2009 12:00:00 AM,Central,F,40 to 49,"33,293","5,114",15.36
01/01/2009 12:00:00 AM,Central,F,50 to 59,"29,881","9,411",31.49
01/01/2009 12:00:00 AM,Central,F,60 to 69,"20,573","11,073",53.82
01/01/2009 12:00:00 AM,Central,F,70 to 79,"12,001","8,930",74.41
01/01/2009 12:00:00 AM,Central,F,80 +,"9,822","8,125",82.72
01/01/2009 12:00:00 AM,Central,M,20 to 29,"26,401",390,1.48
01/01/2009 12:00:00 AM,Central,M,30 to 39,"26,872","1,556",5.79
01/01/2009 12:00:00 AM,Central,M,40 to 49,"31,579","4,809",15.23
01/01/2009 12:00:00 AM,Central,M,50 to 59,"28,361","8,927",31.48
01/01/2009 12:00:00 AM,Central,M,60 to 69,"19,318","10,136",52.47
01/01/2009 12:00:00 AM,Central,M,70 to 79,"10,224","7,179",70.22
01/01/2009 12:00:00 AM,Central,M,80 +,"5,318","4,119",77.45
01/01/2009 12:00:00 AM,Eastern,F,20 to 29,"8,065",159,1.97
01/01/2009 12:00:00 AM,Eastern,F,30 to 39,"9,088",832,9.15
01/01/2009 12:00:00 AM,Eastern,F,40 to 49,"12,145","2,557",21.05
01/01/2009 12:00:00 AM,Eastern,F,50 to 59,"13,904","5,422",39
01/01/2009 12:00:00 AM,Eastern,F,60 to 69,"10,833","6,618",61.09
01/01/2009 12:00:00 AM,Eastern,F,70 to 79,"6,790","5,227",76.98
01/01/2009 12:00:00 AM,Eastern,F,80 +,"5,595","4,750",84.9
01/01/2009 12:00:00 AM,Eastern,M,20 to 29,"8,424",162,1.92
01/01/2009 12:00:00 AM,Eastern,M,30 to 39,"9,024",735,8.14
01/01/2009 12:00:00 AM,Eastern,M,40 to 49,"11,819","2,401",20.31
01/01/2009 12:00:00 AM,Eastern,M,50 to 59,"13,620","5,020",36.86
01/01/2009 12:00:00 AM,Eastern,M,60 to 69,"10,904","6,308",57.85
01/01/2009 12:00:00 AM,Eastern,M,70 to 79,"5,921","4,311",72.81
01/01/2009 12:00:00 AM,Eastern,M,80 +,"2,995","2,304",76.93
01/01/2009 12:00:00 AM,Northern,F,20 to 29,"7,827",169,2.16
01/01/2009 12:00:00 AM,Northern,F,30 to 39,"9,421",786,8.34
01/01/2009 12:00:00 AM,Northern,F,40 to 49,"11,756","2,229",18.96
01/01/2009 12:00:00 AM,Northern,F,50 to 59,"12,253","4,503",36.75
01/01/2009 12:00:00 AM,Northern,F,60 to 69,"9,410","5,491",58.35
01/01/2009 12:00:00 AM,Northern,F,70 to 79,"5,786","4,343",75.06
01/01/2009 12:00:00 AM,Northern,F,80 +,"4,981","4,215",84.62
01/01/2009 12:00:00 AM,Northern,M,20 to 29,"7,930",175,2.21
01/01/2009 12:00:00 AM,Northern,M,30 to 39,"9,100",710,7.8
01/01/2009 12:00:00 AM,Northern,M,40 to 49,"11,550","2,224",19.26
01/01/2009 12:00:00 AM,Northern,M,50 to 59,"12,176","4,431",36.39
01/01/2009 12:00:00 AM,Northern,M,60 to 69,"9,521","5,367",56.37
01/01/2009 12:00:00 AM,Northern,M,70 to 79,"5,075","3,619",71.31
01/01/2009 12:00:00 AM,Northern,M,80 +,"2,750","2,132",77.53
01/01/2009 12:00:00 AM,Unknown,F,20 to 29,"10,190",90,0.88
01/01/2009 12:00:00 AM,Unknown,F,30 to 39,"6,760",317,4.69
01/01/2009 12:00:00 AM,Unknown,F,40 to 49,"6,071",683,11.25
01/01/2009 12:00:00 AM,Unknown,F,50 to 59,"4,955","1,253",25.29
01/01/2009 12:00:00 AM,Unknown,F,60 to 69,"3,477","1,635",47.02
01/01/2009 12:00:00 AM,Unknown,F,70 to 79,"1,774","1,201",67.7
01/01/2009 12:00:00 AM,Unknown,F,80 +,"1,600","1,280",80
01/01/2009 12:00:00 AM,Unknown,M,20 to 29,"9,404",113,1.2
01/01/2009 12:00:00 AM,Unknown,M,30 to 39,"6,360",322,5.06
01/01/2009 12:00:00 AM,Unknown,M,40 to 49,"5,736",748,13.04
01/01/2009 12:00:00 AM,Unknown,M,50 to 59,"4,473","1,113",24.88
01/01/2009 12:00:00 AM,Unknown,M,60 to 69,"3,185","1,396",43.83
01/01/2009 12:00:00 AM,Unknown,M,70 to 79,"1,562",973,62.29
01/01/2009 12:00:00 AM,Unknown,M,80 +,815,549,67.36
01/01/2009 12:00:00 AM,Western,F,20 to 29,"9,792",180,1.84
01/01/2009 12:00:00 AM,Western,F,30 to 39,"11,415",911,7.98
01/01/2009 12:00:00 AM,Western,F,40 to 49,"15,877","2,802",17.65
01/01/2009 12:00:00 AM,Western,F,50 to 59,"16,972","5,655",33.32
01/01/2009 12:00:00 AM,Western,F,60 to 69,"13,662","7,444",54.49
01/01/2009 12:00:00 AM,Western,F,70 to 79,"8,323","6,042",72.59
01/01/2009 12:00:00 AM,Western,F,80 +,"6,813","5,546",81.4
01/01/2009 12:00:00 AM,Western,M,20 to 29,"9,867",153,1.55
01/01/2009 12:00:00 AM,Western,M,30 to 39,"11,017",773,7.02
01/01/2009 12:00:00 AM,Western,M,40 to 49,"15,237","2,638",17.31
01/01/2009 12:00:00 AM,Western,M,50 to 59,"16,472","5,325",32.33
01/01/2009 12:00:00 AM,Western,M,60 to 69,"13,507","6,858",50.77
01/01/2009 12:00:00 AM,Western,M,70 to 79,"7,587","5,026",66.24
01/01/2009 12:00:00 AM,Western,M,80 +,"4,172","3,045",72.99
01/01/2010 12:00:00 AM,Central,F,20 to 29,"27,253",339,1.24
01/01/2010 12:00:00 AM,Central,F,30 to 39,"29,314","1,680",5.73
01/01/2010 12:00:00 AM,Central,F,40 to 49,"33,396","5,086",15.23
01/01/2010 12:00:00 AM,Central,F,50 to 59,"30,883","9,570",30.99
01/01/2010 12:00:00 AM,Central,F,60 to 69,"21,700","11,615",53.53
01/01/2010 12:00:00 AM,Central,F,70 to 79,"12,215","9,115",74.62
01/01/2010 12:00:00 AM,Central,F,80 +,"10,055","8,384",83.38
01/01/2010 12:00:00 AM,Central,M,20 to 29,"27,307",406,1.49
01/01/2010 12:00:00 AM,Central,M,30 to 39,"27,222","1,581",5.81
01/01/2010 12:00:00 AM,Central,M,40 to 49,"31,538","4,787",15.18
01/01/2010 12:00:00 AM,Central,M,50 to 59,"29,281","9,338",31.89
01/01/2010 12:00:00 AM,Central,M,60 to 69,"20,385","10,752",52.74
01/01/2010 12:00:00 AM,Central,M,70 to 79,"10,476","7,416",70.79
01/01/2010 12:00:00 AM,Central,M,80 +,"5,510","4,322",78.44
01/01/2010 12:00:00 AM,Eastern,F,20 to 29,"8,109",139,1.71
01/01/2010 12:00:00 AM,Eastern,F,30 to 39,"9,073",831,9.16
01/01/2010 12:00:00 AM,Eastern,F,40 to 49,"11,716","2,477",21.14
01/01/2010 12:00:00 AM,Eastern,F,50 to 59,"14,078","5,437",38.62
01/01/2010 12:00:00 AM,Eastern,F,60 to 69,"11,273","6,841",60.68
01/01/2010 12:00:00 AM,Eastern,F,70 to 79,"6,963","5,423",77.88
01/01/2010 12:00:00 AM,Eastern,F,80 +,"5,548","4,781",86.18
01/01/2010 12:00:00 AM,Eastern,M,20 to 29,"8,643",159,1.84
01/01/2010 12:00:00 AM,Eastern,M,30 to 39,"8,926",730,8.18
01/01/2010 12:00:00 AM,Eastern,M,40 to 49,"11,503","2,350",20.43
01/01/2010 12:00:00 AM,Eastern,M,50 to 59,"13,721","5,146",37.5
01/01/2010 12:00:00 AM,Eastern,M,60 to 69,"11,297","6,603",58.45
01/01/2010 12:00:00 AM,Eastern,M,70 to 79,"6,105","4,482",73.42
01/01/2010 12:00:00 AM,Eastern,M,80 +,"3,076","2,416",78.54
01/01/2010 12:00:00 AM,Northern,F,20 to 29,"7,913",155,1.96
01/01/2010 12:00:00 AM,Northern,F,30 to 39,"9,268",771,8.32
01/01/2010 12:00:00 AM,Northern,F,40 to 49,"11,594","2,205",19.02
01/01/2010 12:00:00 AM,Northern,F,50 to 59,"12,513","4,606",36.81
01/01/2010 12:00:00 AM,Northern,F,60 to 69,"9,785","5,688",58.13
01/01/2010 12:00:00 AM,Northern,F,70 to 79,"5,840","4,413",75.57
01/01/2010 12:00:00 AM,Northern,F,80 +,"5,077","4,325",85.19
01/01/2010 12:00:00 AM,Northern,M,20 to 29,"8,074",171,2.12
01/01/2010 12:00:00 AM,Northern,M,30 to 39,"8,964",703,7.84
01/01/2010 12:00:00 AM,Northern,M,40 to 49,"11,404","2,249",19.72
01/01/2010 12:00:00 AM,Northern,M,50 to 59,"12,340","4,522",36.65
01/01/2010 12:00:00 AM,Northern,M,60 to 69,"9,858","5,559",56.39
01/01/2010 12:00:00 AM,Northern,M,70 to 79,"5,263","3,817",72.53
01/01/2010 12:00:00 AM,Northern,M,80 +,"2,844","2,255",79.29
01/01/2010 12:00:00 AM,Unknown,F,20 to 29,"10,147",88,0.87
01/01/2010 12:00:00 AM,Unknown,F,30 to 39,"6,427",295,4.59
01/01/2010 12:00:00 AM,Unknown,F,40 to 49,"5,844",666,11.4
01/01/2010 12:00:00 AM,Unknown,F,50 to 59,"4,932","1,249",25.32
01/01/2010 12:00:00 AM,Unknown,F,60 to 69,"3,555","1,662",46.75
01/01/2010 12:00:00 AM,Unknown,F,70 to 79,"1,790","1,190",66.48
01/01/2010 12:00:00 AM,Unknown,F,80 +,"1,586","1,260",79.45
01/01/2010 12:00:00 AM,Unknown,M,20 to 29,"9,426",116,1.23
01/01/2010 12:00:00 AM,Unknown,M,30 to 39,"6,004",319,5.31
01/01/2010 12:00:00 AM,Unknown,M,40 to 49,"5,647",747,13.23
01/01/2010 12:00:00 AM,Unknown,M,50 to 59,"4,436","1,128",25.43
01/01/2010 12:00:00 AM,Unknown,M,60 to 69,"3,248","1,461",44.98
01/01/2010 12:00:00 AM,Unknown,M,70 to 79,"1,568",977,62.31
01/01/2010 12:00:00 AM,Unknown,M,80 +,798,542,67.92
01/01/2010 12:00:00 AM,Western,F,20 to 29,"9,924",180,1.81
01/01/2010 12:00:00 AM,Western,F,30 to 39,"11,296",924,8.18
01/01/2010 12:00:00 AM,Western,F,40 to 49,"15,446","2,759",17.86
01/01/2010 12:00:00 AM,Western,F,50 to 59,"17,349","5,738",33.07
01/01/2010 12:00:00 AM,Western,F,60 to 69,"14,284","7,810",54.68
01/01/2010 12:00:00 AM,Western,F,70 to 79,"8,525","6,212",72.87
01/01/2010 12:00:00 AM,Western,F,80 +,"6,946","5,716",82.29
01/01/2010 12:00:00 AM,Western,M,20 to 29,"10,054",162,1.61
01/01/2010 12:00:00 AM,Western,M,30 to 39,"10,809",775,7.17
01/01/2010 12:00:00 AM,Western,M,40 to 49,"14,947","2,635",17.63
01/01/2010 12:00:00 AM,Western,M,50 to 59,"16,830","5,529",32.85
01/01/2010 12:00:00 AM,Western,M,60 to 69,"13,936","7,130",51.16
01/01/2010 12:00:00 AM,Western,M,70 to 79,"7,915","5,318",67.19
01/01/2010 12:00:00 AM,Western,M,80 +,"4,260","3,181",74.67
01/01/2011 12:00:00 AM,Central,F,20 to 29,"27,787",321,1.16
01/01/2011 12:00:00 AM,Central,F,30 to 39,"29,535","1,624",5.5
01/01/2011 12:00:00 AM,Central,F,40 to 49,"33,313","4,956",14.88
01/01/2011 12:00:00 AM,Central,F,50 to 59,"31,896","9,762",30.61
01/01/2011 12:00:00 AM,Central,F,60 to 69,"22,702","11,993",52.83
01/01/2011 12:00:00 AM,Central,F,70 to 79,"12,547","9,336",74.41
01/01/2011 12:00:00 AM,Central,F,80 +,"10,264","8,620",83.98
01/01/2011 12:00:00 AM,Central,M,20 to 29,"28,003",433,1.55
01/01/2011 12:00:00 AM,Central,M,30 to 39,"27,397","1,625",5.93
01/01/2011 12:00:00 AM,Central,M,40 to 49,"31,344","4,722",15.07
01/01/2011 12:00:00 AM,Central,M,50 to 59,"30,479","9,642",31.63
01/01/2011 12:00:00 AM,Central,M,60 to 69,"21,137","11,261",53.28
01/01/2011 12:00:00 AM,Central,M,70 to 79,"10,856","7,683",70.77
01/01/2011 12:00:00 AM,Central,M,80 +,"5,744","4,582",79.77
01/01/2011 12:00:00 AM,Eastern,F,20 to 29,"8,136",141,1.73
01/01/2011 12:00:00 AM,Eastern,F,30 to 39,"8,944",792,8.86
01/01/2011 12:00:00 AM,Eastern,F,40 to 49,"11,444","2,397",20.95
01/01/2011 12:00:00 AM,Eastern,F,50 to 59,"14,173","5,486",38.71
01/01/2011 12:00:00 AM,Eastern,F,60 to 69,"11,645","7,031",60.38
01/01/2011 12:00:00 AM,Eastern,F,70 to 79,"7,081","5,519",77.94
01/01/2011 12:00:00 AM,Eastern,F,80 +,"5,642","4,904",86.92
01/01/2011 12:00:00 AM,Eastern,M,20 to 29,"8,764",164,1.87
01/01/2011 12:00:00 AM,Eastern,M,30 to 39,"8,812",710,8.06
01/01/2011 12:00:00 AM,Eastern,M,40 to 49,"11,242","2,294",20.41
01/01/2011 12:00:00 AM,Eastern,M,50 to 59,"13,768","5,200",37.77
01/01/2011 12:00:00 AM,Eastern,M,60 to 69,"11,609","6,812",58.68
01/01/2011 12:00:00 AM,Eastern,M,70 to 79,"6,332","4,702",74.26
01/01/2011 12:00:00 AM,Eastern,M,80 +,"3,132","2,494",79.63
01/01/2011 12:00:00 AM,Northern,F,20 to 29,"7,921",134,1.69
01/01/2011 12:00:00 AM,Northern,F,30 to 39,"9,152",761,8.32
01/01/2011 12:00:00 AM,Northern,F,40 to 49,"11,385","2,079",18.26
01/01/2011 12:00:00 AM,Northern,F,50 to 59,"12,780","4,656",36.43
01/01/2011 12:00:00 AM,Northern,F,60 to 69,"10,104","5,857",57.97
01/01/2011 12:00:00 AM,Northern,F,70 to 79,"5,982","4,580",76.56
01/01/2011 12:00:00 AM,Northern,F,80 +,"5,066","4,338",85.63
01/01/2011 12:00:00 AM,Northern,M,20 to 29,"8,190",170,2.08
01/01/2011 12:00:00 AM,Northern,M,30 to 39,"8,809",666,7.56
01/01/2011 12:00:00 AM,Northern,M,40 to 49,"11,256","2,224",19.76
01/01/2011 12:00:00 AM,Northern,M,50 to 59,"12,450","4,581",36.8
01/01/2011 12:00:00 AM,Northern,M,60 to 69,"10,245","5,818",56.79
01/01/2011 12:00:00 AM,Northern,M,70 to 79,"5,437","3,971",73.04
01/01/2011 12:00:00 AM,Northern,M,80 +,"2,908","2,357",81.05
01/01/2011 12:00:00 AM,Unknown,F,20 to 29,"9,838",80,0.81
01/01/2011 12:00:00 AM,Unknown,F,30 to 39,"6,187",263,4.25
01/01/2011 12:00:00 AM,Unknown,F,40 to 49,"5,674",662,11.67
01/01/2011 12:00:00 AM,Unknown,F,50 to 59,"4,901","1,245",25.4
01/01/2011 12:00:00 AM,Unknown,F,60 to 69,"3,583","1,646",45.94
01/01/2011 12:00:00 AM,Unknown,F,70 to 79,"1,796","1,188",66.15
01/01/2011 12:00:00 AM,Unknown,F,80 +,"1,537","1,219",79.31
01/01/2011 12:00:00 AM,Unknown,M,20 to 29,"9,103",110,1.21
01/01/2011 12:00:00 AM,Unknown,M,30 to 39,"5,810",296,5.09
01/01/2011 12:00:00 AM,Unknown,M,40 to 49,"5,450",731,13.41
01/01/2011 12:00:00 AM,Unknown,M,50 to 59,"4,500","1,129",25.09
01/01/2011 12:00:00 AM,Unknown,M,60 to 69,"3,271","1,491",45.58
01/01/2011 12:00:00 AM,Unknown,M,70 to 79,"1,603","1,011",63.07
01/01/2011 12:00:00 AM,Unknown,M,80 +,809,549,67.86
01/01/2011 12:00:00 AM,Western,F,20 to 29,"10,002",167,1.67
01/01/2011 12:00:00 AM,Western,F,30 to 39,"11,115",872,7.85
01/01/2011 12:00:00 AM,Western,F,40 to 49,"15,083","2,677",17.75
01/01/2011 12:00:00 AM,Western,F,50 to 59,"17,689","5,840",33.01
01/01/2011 12:00:00 AM,Western,F,60 to 69,"14,757","8,040",54.48
01/01/2011 12:00:00 AM,Western,F,70 to 79,"8,724","6,378",73.11
01/01/2011 12:00:00 AM,Western,F,80 +,"7,095","5,924",83.5
01/01/2011 12:00:00 AM,Western,M,20 to 29,"10,182",159,1.56
01/01/2011 12:00:00 AM,Western,M,30 to 39,"10,694",752,7.03
01/01/2011 12:00:00 AM,Western,M,40 to 49,"14,479","2,592",17.9
01/01/2011 12:00:00 AM,Western,M,50 to 59,"17,142","5,648",32.95
01/01/2011 12:00:00 AM,Western,M,60 to 69,"14,407","7,494",52.02
01/01/2011 12:00:00 AM,Western,M,70 to 79,"8,188","5,535",67.6
01/01/2011 12:00:00 AM,Western,M,80 +,"4,381","3,340",76.24
01/01/2012 12:00:00 AM,Central,F,20 to 29,"28,021",293,1.05
01/01/2012 12:00:00 AM,Central,F,30 to 39,"29,927","1,603",5.36
01/01/2012 12:00:00 AM,Central,F,40 to 49,"32,956","4,696",14.25
01/01/2012 12:00:00 AM,Central,F,50 to 59,"32,918","9,958",30.25
01/01/2012 12:00:00 AM,Central,F,60 to 69,"23,635","12,277",51.94
01/01/2012 12:00:00 AM,Central,F,70 to 79,"13,019","9,603",73.76
01/01/2012 12:00:00 AM,Central,F,80 +,"10,434","8,842",84.74
01/01/2012 12:00:00 AM,Central,M,20 to 29,"28,345",432,1.52
01/01/2012 12:00:00 AM,Central,M,30 to 39,"27,709","1,623",5.86
01/01/2012 12:00:00 AM,Central,M,40 to 49,"30,990","4,663",15.05
01/01/2012 12:00:00 AM,Central,M,50 to 59,"31,632","9,906",31.32
01/01/2012 12:00:00 AM,Central,M,60 to 69,"22,052","11,667",52.91
01/01/2012 12:00:00 AM,Central,M,70 to 79,"11,313","8,015",70.85
01/01/2012 12:00:00 AM,Central,M,80 +,"5,949","4,806",80.79
01/01/2012 12:00:00 AM,Eastern,F,20 to 29,"8,197",137,1.67
01/01/2012 12:00:00 AM,Eastern,F,30 to 39,"8,860",754,8.51
01/01/2012 12:00:00 AM,Eastern,F,40 to 49,"11,056","2,317",20.96
01/01/2012 12:00:00 AM,Eastern,F,50 to 59,"14,236","5,479",38.49
01/01/2012 12:00:00 AM,Eastern,F,60 to 69,"12,026","7,157",59.51
01/01/2012 12:00:00 AM,Eastern,F,70 to 79,"7,291","5,658",77.6
01/01/2012 12:00:00 AM,Eastern,F,80 +,"5,676","4,956",87.32
01/01/2012 12:00:00 AM,Eastern,M,20 to 29,"8,792",160,1.82
01/01/2012 12:00:00 AM,Eastern,M,30 to 39,"8,827",689,7.81
01/01/2012 12:00:00 AM,Eastern,M,40 to 49,"10,903","2,209",20.26
01/01/2012 12:00:00 AM,Eastern,M,50 to 59,"13,712","5,157",37.61
01/01/2012 12:00:00 AM,Eastern,M,60 to 69,"11,972","6,998",58.45
01/01/2012 12:00:00 AM,Eastern,M,70 to 79,"6,587","4,916",74.63
01/01/2012 12:00:00 AM,Eastern,M,80 +,"3,249","2,612",80.39
01/01/2012 12:00:00 AM,Northern,F,20 to 29,"7,933",132,1.66
01/01/2012 12:00:00 AM,Northern,F,30 to 39,"9,109",738,8.1
01/01/2012 12:00:00 AM,Northern,F,40 to 49,"11,155","1,988",17.82
01/01/2012 12:00:00 AM,Northern,F,50 to 59,"12,930","4,633",35.83
01/01/2012 12:00:00 AM,Northern,F,60 to 69,"10,456","5,988",57.27
01/01/2012 12:00:00 AM,Northern,F,70 to 79,"6,187","4,739",76.6
01/01/2012 12:00:00 AM,Northern,F,80 +,"5,069","4,349",85.8
01/01/2012 12:00:00 AM,Northern,M,20 to 29,"8,286",169,2.04
01/01/2012 12:00:00 AM,Northern,M,30 to 39,"8,696",645,7.42
01/01/2012 12:00:00 AM,Northern,M,40 to 49,"11,088","2,166",19.53
01/01/2012 12:00:00 AM,Northern,M,50 to 59,"12,507","4,579",36.61
01/01/2012 12:00:00 AM,Northern,M,60 to 69,"10,502","5,963",56.78
01/01/2012 12:00:00 AM,Northern,M,70 to 79,"5,699","4,191",73.54
01/01/2012 12:00:00 AM,Northern,M,80 +,"2,956","2,404",81.33
01/01/2012 12:00:00 AM,Unknown,F,20 to 29,"9,350",68,0.73
01/01/2012 12:00:00 AM,Unknown,F,30 to 39,"5,973",250,4.19
01/01/2012 12:00:00 AM,Unknown,F,40 to 49,"5,338",587,11
01/01/2012 12:00:00 AM,Unknown,F,50 to 59,"4,888","1,211",24.77
01/01/2012 12:00:00 AM,Unknown,F,60 to 69,"3,585","1,619",45.16
01/01/2012 12:00:00 AM,Unknown,F,70 to 79,"1,786","1,175",65.79
01/01/2012 12:00:00 AM,Unknown,F,80 +,"1,487","1,169",78.61
01/01/2012 12:00:00 AM,Unknown,M,20 to 29,"8,536",93,1.09
01/01/2012 12:00:00 AM,Unknown,M,30 to 39,"5,496",266,4.84
01/01/2012 12:00:00 AM,Unknown,M,40 to 49,"5,172",666,12.88
01/01/2012 12:00:00 AM,Unknown,M,50 to 59,"4,459","1,148",25.75
01/01/2012 12:00:00 AM,Unknown,M,60 to 69,"3,214","1,458",45.36
01/01/2012 12:00:00 AM,Unknown,M,70 to 79,"1,645","1,033",62.8
01/01/2012 12:00:00 AM,Unknown,M,80 +,832,560,67.31
01/01/2012 12:00:00 AM,Western,F,20 to 29,"10,064",158,1.57
01/01/2012 12:00:00 AM,Western,F,30 to 39,"11,008",847,7.69
01/01/2012 12:00:00 AM,Western,F,40 to 49,"14,678","2,561",17.45
01/01/2012 12:00:00 AM,Western,F,50 to 59,"17,969","5,863",32.63
01/01/2012 12:00:00 AM,Western,F,60 to 69,"15,173","8,264",54.47
01/01/2012 12:00:00 AM,Western,F,70 to 79,"9,091","6,608",72.69
01/01/2012 12:00:00 AM,Western,F,80 +,"7,199","6,051",84.05
01/01/2012 12:00:00 AM,Western,M,20 to 29,"10,306",158,1.53
01/01/2012 12:00:00 AM,Western,M,30 to 39,"10,545",717,6.8
01/01/2012 12:00:00 AM,Western,M,40 to 49,"14,128","2,558",18.11
01/01/2012 12:00:00 AM,Western,M,50 to 59,"17,385","5,752",33.09
01/01/2012 12:00:00 AM,Western,M,60 to 69,"14,831","7,764",52.35
01/01/2012 12:00:00 AM,Western,M,70 to 79,"8,487","5,751",67.76
01/01/2012 12:00:00 AM,Western,M,80 +,"4,519","3,501",77.47
01/01/2013 12:00:00 AM,Central,F,20 to 29,"28,636",286,1
01/01/2013 12:00:00 AM,Central,F,30 to 39,"30,165","1,550",5.14
01/01/2013 12:00:00 AM,Central,F,40 to 49,"32,795","4,538",13.84
01/01/2013 12:00:00 AM,Central,F,50 to 59,"33,806","10,086",29.83
01/01/2013 12:00:00 AM,Central,F,60 to 69,"24,676","12,560",50.9
01/01/2013 12:00:00 AM,Central,F,70 to 79,"13,562","9,891",72.93
01/01/2013 12:00:00 AM,Central,F,80 +,"10,616","8,979",84.58
01/01/2013 12:00:00 AM,Central,M,20 to 29,"28,760",413,1.44
01/01/2013 12:00:00 AM,Central,M,30 to 39,"28,326","1,604",5.66
01/01/2013 12:00:00 AM,Central,M,40 to 49,"30,706","4,560",14.85
01/01/2013 12:00:00 AM,Central,M,50 to 59,"32,796","10,206",31.12
01/01/2013 12:00:00 AM,Central,M,60 to 69,"22,990","12,113",52.69
01/01/2013 12:00:00 AM,Central,M,70 to 79,"11,890","8,428",70.88
01/01/2013 12:00:00 AM,Central,M,80 +,"6,131","4,989",81.37
01/01/2013 12:00:00 AM,Eastern,F,20 to 29,"8,253",132,1.6
01/01/2013 12:00:00 AM,Eastern,F,30 to 39,"8,800",718,8.16
01/01/2013 12:00:00 AM,Eastern,F,40 to 49,"10,788","2,213",20.51
01/01/2013 12:00:00 AM,Eastern,F,50 to 59,"14,150","5,361",37.89
01/01/2013 12:00:00 AM,Eastern,F,60 to 69,"12,368","7,278",58.85
01/01/2013 12:00:00 AM,Eastern,F,70 to 79,"7,568","5,879",77.68
01/01/2013 12:00:00 AM,Eastern,F,80 +,"5,740","5,025",87.54
01/01/2013 12:00:00 AM,Eastern,M,20 to 29,"8,802",171,1.94
01/01/2013 12:00:00 AM,Eastern,M,30 to 39,"8,882",668,7.52
01/01/2013 12:00:00 AM,Eastern,M,40 to 49,"10,641","2,152",20.22
01/01/2013 12:00:00 AM,Eastern,M,50 to 59,"13,605","5,067",37.24
01/01/2013 12:00:00 AM,Eastern,M,60 to 69,"12,324","7,163",58.12
01/01/2013 12:00:00 AM,Eastern,M,70 to 79,"6,872","5,145",74.87
01/01/2013 12:00:00 AM,Eastern,M,80 +,"3,320","2,694",81.14
01/01/2013 12:00:00 AM,Northern,F,20 to 29,"7,929",113,1.43
01/01/2013 12:00:00 AM,Northern,F,30 to 39,"9,002",700,7.78
01/01/2013 12:00:00 AM,Northern,F,40 to 49,"11,029","1,972",17.88
01/01/2013 12:00:00 AM,Northern,F,50 to 59,"12,960","4,570",35.26
01/01/2013 12:00:00 AM,Northern,F,60 to 69,"10,888","6,149",56.48
01/01/2013 12:00:00 AM,Northern,F,70 to 79,"6,370","4,842",76.01
01/01/2013 12:00:00 AM,Northern,F,80 +,"5,101","4,391",86.08
01/01/2013 12:00:00 AM,Northern,M,20 to 29,"8,306",151,1.82
01/01/2013 12:00:00 AM,Northern,M,30 to 39,"8,762",637,7.27
01/01/2013 12:00:00 AM,Northern,M,40 to 49,"10,897","2,061",18.91
01/01/2013 12:00:00 AM,Northern,M,50 to 59,"12,618","4,579",36.29
01/01/2013 12:00:00 AM,Northern,M,60 to 69,"10,820","6,135",56.7
01/01/2013 12:00:00 AM,Northern,M,70 to 79,"5,978","4,411",73.79
01/01/2013 12:00:00 AM,Northern,M,80 +,"3,041","2,486",81.75
01/01/2013 12:00:00 AM,Unknown,F,20 to 29,"8,627",60,0.7
01/01/2013 12:00:00 AM,Unknown,F,30 to 39,"5,559",236,4.25
01/01/2013 12:00:00 AM,Unknown,F,40 to 49,"4,976",521,10.47
01/01/2013 12:00:00 AM,Unknown,F,50 to 59,"4,724","1,123",23.77
01/01/2013 12:00:00 AM,Unknown,F,60 to 69,"3,523","1,550",44
01/01/2013 12:00:00 AM,Unknown,F,70 to 79,"1,841","1,196",64.96
01/01/2013 12:00:00 AM,Unknown,F,80 +,"1,437","1,126",78.36
01/01/2013 12:00:00 AM,Unknown,M,20 to 29,"7,664",82,1.07
01/01/2013 12:00:00 AM,Unknown,M,30 to 39,"5,175",222,4.29
01/01/2013 12:00:00 AM,Unknown,M,40 to 49,"4,800",611,12.73
01/01/2013 12:00:00 AM,Unknown,M,50 to 59,"4,470","1,086",24.3
01/01/2013 12:00:00 AM,Unknown,M,60 to 69,"3,205","1,423",44.4
01/01/2013 12:00:00 AM,Unknown,M,70 to 79,"1,633","1,014",62.09
01/01/2013 12:00:00 AM,Unknown,M,80 +,869,575,66.17
01/01/2013 12:00:00 AM,Western,F,20 to 29,"10,147",155,1.53
01/01/2013 12:00:00 AM,Western,F,30 to 39,"10,972",809,7.37
01/01/2013 12:00:00 AM,Western,F,40 to 49,"14,139","2,404",17
01/01/2013 12:00:00 AM,Western,F,50 to 59,"18,252","5,869",32.16
01/01/2013 12:00:00 AM,Western,F,60 to 69,"15,626","8,398",53.74
01/01/2013 12:00:00 AM,Western,F,70 to 79,"9,463","6,850",72.39
01/01/2013 12:00:00 AM,Western,F,80 +,"7,298","6,158",84.38
01/01/2013 12:00:00 AM,Western,M,20 to 29,"10,411",156,1.5
01/01/2013 12:00:00 AM,Western,M,30 to 39,"10,497",709,6.75
01/01/2013 12:00:00 AM,Western,M,40 to 49,"13,742","2,433",17.7
01/01/2013 12:00:00 AM,Western,M,50 to 59,"17,598","5,883",33.43
01/01/2013 12:00:00 AM,Western,M,60 to 69,"15,287","8,022",52.48
01/01/2013 12:00:00 AM,Western,M,70 to 79,"8,837","6,060",68.58
01/01/2013 12:00:00 AM,Western,M,80 +,"4,607","3,596",78.06
01/01/2014 12:00:00 AM,Central,F,20 to 29,"28,982",288,0.99
01/01/2014 12:00:00 AM,Central,F,30 to 39,"30,667","1,482",4.83
01/01/2014 12:00:00 AM,Central,F,40 to 49,"32,411","4,382",13.52
01/01/2014 12:00:00 AM,Central,F,50 to 59,"34,632","10,096",29.15
01/01/2014 12:00:00 AM,Central,F,60 to 69,"25,737","12,891",50.09
01/01/2014 12:00:00 AM,Central,F,70 to 79,"14,198","10,261",72.27
01/01/2014 12:00:00 AM,Central,F,80 +,"10,749","9,069",84.37
01/01/2014 12:00:00 AM,Central,M,20 to 29,"29,130",393,1.35
01/01/2014 12:00:00 AM,Central,M,30 to 39,"28,921","1,616",5.59
01/01/2014 12:00:00 AM,Central,M,40 to 49,"30,421","4,383",14.41
01/01/2014 12:00:00 AM,Central,M,50 to 59,"33,576","10,355",30.84
01/01/2014 12:00:00 AM,Central,M,60 to 69,"23,952","12,612",52.66
01/01/2014 12:00:00 AM,Central,M,70 to 79,"12,535","8,906",71.05
01/01/2014 12:00:00 AM,Central,M,80 +,"6,346","5,180",81.63
01/01/2014 12:00:00 AM,Eastern,F,20 to 29,"8,336",136,1.63
01/01/2014 12:00:00 AM,Eastern,F,30 to 39,"8,717",682,7.82
01/01/2014 12:00:00 AM,Eastern,F,40 to 49,"10,455","2,138",20.45
01/01/2014 12:00:00 AM,Eastern,F,50 to 59,"14,117","5,262",37.27
01/01/2014 12:00:00 AM,Eastern,F,60 to 69,"12,799","7,471",58.37
01/01/2014 12:00:00 AM,Eastern,F,70 to 79,"7,823","6,036",77.16
01/01/2014 12:00:00 AM,Eastern,F,80 +,"5,783","5,077",87.79
01/01/2014 12:00:00 AM,Eastern,M,20 to 29,"8,894",149,1.68
01/01/2014 12:00:00 AM,Eastern,M,30 to 39,"8,784",649,7.39
01/01/2014 12:00:00 AM,Eastern,M,40 to 49,"10,443","2,095",20.06
01/01/2014 12:00:00 AM,Eastern,M,50 to 59,"13,451","4,998",37.16
01/01/2014 12:00:00 AM,Eastern,M,60 to 69,"12,767","7,393",57.91
01/01/2014 12:00:00 AM,Eastern,M,70 to 79,"7,053","5,266",74.66
01/01/2014 12:00:00 AM,Eastern,M,80 +,"3,405","2,782",81.7
01/01/2014 12:00:00 AM,Northern,F,20 to 29,"8,014",117,1.46
01/01/2014 12:00:00 AM,Northern,F,30 to 39,"8,876",636,7.17
01/01/2014 12:00:00 AM,Northern,F,40 to 49,"10,845","1,911",17.62
01/01/2014 12:00:00 AM,Northern,F,50 to 59,"12,930","4,461",34.5
01/01/2014 12:00:00 AM,Northern,F,60 to 69,"11,382","6,384",56.09
01/01/2014 12:00:00 AM,Northern,F,70 to 79,"6,533","4,910",75.16
01/01/2014 12:00:00 AM,Northern,F,80 +,"5,127","4,409",86
01/01/2014 12:00:00 AM,Northern,M,20 to 29,"8,338",141,1.69
01/01/2014 12:00:00 AM,Northern,M,30 to 39,"8,729",595,6.82
01/01/2014 12:00:00 AM,Northern,M,40 to 49,"10,562","1,931",18.28
01/01/2014 12:00:00 AM,Northern,M,50 to 59,"12,713","4,574",35.98
01/01/2014 12:00:00 AM,Northern,M,60 to 69,"11,190","6,333",56.6
01/01/2014 12:00:00 AM,Northern,M,70 to 79,"6,230","4,603",73.88
01/01/2014 12:00:00 AM,Northern,M,80 +,"3,106","2,564",82.55
01/01/2014 12:00:00 AM,Unknown,F,20 to 29,"7,654",61,0.8
01/01/2014 12:00:00 AM,Unknown,F,30 to 39,"5,090",221,4.34
01/01/2014 12:00:00 AM,Unknown,F,40 to 49,"4,552",477,10.48
01/01/2014 12:00:00 AM,Unknown,F,50 to 59,"4,550","1,066",23.43
01/01/2014 12:00:00 AM,Unknown,F,60 to 69,"3,477","1,510",43.43
01/01/2014 12:00:00 AM,Unknown,F,70 to 79,"1,841","1,176",63.88
01/01/2014 12:00:00 AM,Unknown,F,80 +,"1,387","1,083",78.08
01/01/2014 12:00:00 AM,Unknown,M,20 to 29,"6,728",67,1
01/01/2014 12:00:00 AM,Unknown,M,30 to 39,"4,724",213,4.51
01/01/2014 12:00:00 AM,Unknown,M,40 to 49,"4,368",542,12.41
01/01/2014 12:00:00 AM,Unknown,M,50 to 59,"4,296","1,025",23.86
01/01/2014 12:00:00 AM,Unknown,M,60 to 69,"3,140","1,388",44.2
01/01/2014 12:00:00 AM,Unknown,M,70 to 79,"1,648","1,009",61.23
01/01/2014 12:00:00 AM,Unknown,M,80 +,887,590,66.52
01/01/2014 12:00:00 AM,Western,F,20 to 29,"10,195",149,1.46
01/01/2014 12:00:00 AM,Western,F,30 to 39,"10,944",760,6.94
01/01/2014 12:00:00 AM,Western,F,40 to 49,"13,683","2,287",16.71
01/01/2014 12:00:00 AM,Western,F,50 to 59,"18,348","5,786",31.53
01/01/2014 12:00:00 AM,Western,F,60 to 69,"16,229","8,591",52.94
01/01/2014 12:00:00 AM,Western,F,70 to 79,"9,770","7,049",72.15
01/01/2014 12:00:00 AM,Western,F,80 +,"7,436","6,298",84.7
01/01/2014 12:00:00 AM,Western,M,20 to 29,"10,476",150,1.43
01/01/2014 12:00:00 AM,Western,M,30 to 39,"10,479",686,6.55
01/01/2014 12:00:00 AM,Western,M,40 to 49,"13,282","2,289",17.23
01/01/2014 12:00:00 AM,Western,M,50 to 59,"17,698","5,873",33.18
01/01/2014 12:00:00 AM,Western,M,60 to 69,"15,747","8,324",52.86
01/01/2014 12:00:00 AM,Western,M,70 to 79,"9,167","6,295",68.67
01/01/2014 12:00:00 AM,Western,M,80 +,"4,784","3,753",78.45
01/01/2015 12:00:00 AM,Central,F,20 to 29,"29,557",270,0.91
01/01/2015 12:00:00 AM,Central,F,30 to 39,"31,290","1,410",4.51
01/01/2015 12:00:00 AM,Central,F,40 to 49,"32,516","4,249",13.07
01/01/2015 12:00:00 AM,Central,F,50 to 59,"35,039","10,028",28.62
01/01/2015 12:00:00 AM,Central,F,60 to 69,"26,923","13,343",49.56
01/01/2015 12:00:00 AM,Central,F,70 to 79,"14,924","10,727",71.88
01/01/2015 12:00:00 AM,Central,F,80 +,"10,710","9,053",84.53
01/01/2015 12:00:00 AM,Central,M,20 to 29,"29,485",367,1.24
01/01/2015 12:00:00 AM,Central,M,30 to 39,"29,802","1,617",5.43
01/01/2015 12:00:00 AM,Central,M,40 to 49,"30,434","4,294",14.11
01/01/2015 12:00:00 AM,Central,M,50 to 59,"34,170","10,479",30.67
01/01/2015 12:00:00 AM,Central,M,60 to 69,"24,985","13,029",52.15
01/01/2015 12:00:00 AM,Central,M,70 to 79,"13,153","9,313",70.81
01/01/2015 12:00:00 AM,Central,M,80 +,"6,531","5,342",81.79
01/01/2015 12:00:00 AM,Eastern,F,20 to 29,"8,462",134,1.58
01/01/2015 12:00:00 AM,Eastern,F,30 to 39,"8,719",652,7.48
01/01/2015 12:00:00 AM,Eastern,F,40 to 49,"10,251","2,061",20.11
01/01/2015 12:00:00 AM,Eastern,F,50 to 59,"13,960","5,178",37.09
01/01/2015 12:00:00 AM,Eastern,F,60 to 69,"13,210","7,607",57.59
01/01/2015 12:00:00 AM,Eastern,F,70 to 79,"8,042","6,191",76.98
01/01/2015 12:00:00 AM,Eastern,F,80 +,"5,818","5,093",87.54
01/01/2015 12:00:00 AM,Eastern,M,20 to 29,"8,988",156,1.74
01/01/2015 12:00:00 AM,Eastern,M,30 to 39,"8,824",628,7.12
01/01/2015 12:00:00 AM,Eastern,M,40 to 49,"10,357","2,041",19.71
01/01/2015 12:00:00 AM,Eastern,M,50 to 59,"13,251","4,932",37.22
01/01/2015 12:00:00 AM,Eastern,M,60 to 69,"13,034","7,469",57.3
01/01/2015 12:00:00 AM,Eastern,M,70 to 79,"7,277","5,447",74.85
01/01/2015 12:00:00 AM,Eastern,M,80 +,"3,520","2,891",82.13
01/01/2015 12:00:00 AM,Northern,F,20 to 29,"8,147",125,1.53
01/01/2015 12:00:00 AM,Northern,F,30 to 39,"8,877",618,6.96
01/01/2015 12:00:00 AM,Northern,F,40 to 49,"10,628","1,847",17.38
01/01/2015 12:00:00 AM,Northern,F,50 to 59,"12,929","4,358",33.71
01/01/2015 12:00:00 AM,Northern,F,60 to 69,"11,698","6,485",55.44
01/01/2015 12:00:00 AM,Northern,F,70 to 79,"6,799","5,076",74.66
01/01/2015 12:00:00 AM,Northern,F,80 +,"5,080","4,364",85.91
01/01/2015 12:00:00 AM,Northern,M,20 to 29,"8,462",134,1.58
01/01/2015 12:00:00 AM,Northern,M,30 to 39,"8,736",601,6.88
01/01/2015 12:00:00 AM,Northern,M,40 to 49,"10,422","1,845",17.7
01/01/2015 12:00:00 AM,Northern,M,50 to 59,"12,613","4,561",36.16
01/01/2015 12:00:00 AM,Northern,M,60 to 69,"11,521","6,468",56.14
01/01/2015 12:00:00 AM,Northern,M,70 to 79,"6,502","4,797",73.78
01/01/2015 12:00:00 AM,Northern,M,80 +,"3,180","2,612",82.14
01/01/2015 12:00:00 AM,Unknown,F,20 to 29,"6,444",48,0.74
01/01/2015 12:00:00 AM,Unknown,F,30 to 39,"4,616",183,3.96
01/01/2015 12:00:00 AM,Unknown,F,40 to 49,"4,181",445,10.64
01/01/2015 12:00:00 AM,Unknown,F,50 to 59,"4,179",919,21.99
01/01/2015 12:00:00 AM,Unknown,F,60 to 69,"3,396","1,431",42.14
01/01/2015 12:00:00 AM,Unknown,F,70 to 79,"1,819","1,168",64.21
01/01/2015 12:00:00 AM,Unknown,F,80 +,"1,347","1,033",76.69
01/01/2015 12:00:00 AM,Unknown,M,20 to 29,"5,656",70,1.24
01/01/2015 12:00:00 AM,Unknown,M,30 to 39,"4,229",164,3.88
01/01/2015 12:00:00 AM,Unknown,M,40 to 49,"3,964",487,12.29
01/01/2015 12:00:00 AM,Unknown,M,50 to 59,"4,018",911,22.67
01/01/2015 12:00:00 AM,Unknown,M,60 to 69,"3,099","1,360",43.89
01/01/2015 12:00:00 AM,Unknown,M,70 to 79,"1,662","1,000",60.17
01/01/2015 12:00:00 AM,Unknown,M,80 +,893,595,66.63
01/01/2015 12:00:00 AM,Western,F,20 to 29,"10,352",146,1.41
01/01/2015 12:00:00 AM,Western,F,30 to 39,"10,990",726,6.61
01/01/2015 12:00:00 AM,Western,F,40 to 49,"13,362","2,177",16.29
01/01/2015 12:00:00 AM,Western,F,50 to 59,"18,325","5,753",31.39
01/01/2015 12:00:00 AM,Western,F,60 to 69,"16,707","8,730",52.25
01/01/2015 12:00:00 AM,Western,F,70 to 79,"10,220","7,317",71.59
01/01/2015 12:00:00 AM,Western,F,80 +,"7,530","6,384",84.78
01/01/2015 12:00:00 AM,Western,M,20 to 29,"10,694",148,1.38
01/01/2015 12:00:00 AM,Western,M,30 to 39,"10,523",634,6.02
01/01/2015 12:00:00 AM,Western,M,40 to 49,"13,009","2,238",17.2
01/01/2015 12:00:00 AM,Western,M,50 to 59,"17,700","5,890",33.28
01/01/2015 12:00:00 AM,Western,M,60 to 69,"16,150","8,548",52.93
01/01/2015 12:00:00 AM,Western,M,70 to 79,"9,582","6,578",68.65
01/01/2015 12:00:00 AM,Western,M,80 +,"4,948","3,910",79.02
01/01/2016 12:00:00 AM,Central,F,20 to 29,"30,153",250,0.83
01/01/2016 12:00:00 AM,Central,F,30 to 39,"32,474","1,396",4.3
01/01/2016 12:00:00 AM,Central,F,40 to 49,"32,614","4,143",12.7
01/01/2016 12:00:00 AM,Central,F,50 to 59,"35,379","9,935",28.08
01/01/2016 12:00:00 AM,Central,F,60 to 69,"27,693","13,478",48.67
01/01/2016 12:00:00 AM,Central,F,70 to 79,"16,059","11,331",70.56
01/01/2016 12:00:00 AM,Central,F,80 +,"10,830","9,142",84.41
01/01/2016 12:00:00 AM,Central,M,20 to 29,"30,190",340,1.13
01/01/2016 12:00:00 AM,Central,M,30 to 39,"30,958","1,572",5.08
01/01/2016 12:00:00 AM,Central,M,40 to 49,"30,774","4,264",13.86
01/01/2016 12:00:00 AM,Central,M,50 to 59,"34,501","10,522",30.5
01/01/2016 12:00:00 AM,Central,M,60 to 69,"25,736","13,299",51.67
01/01/2016 12:00:00 AM,Central,M,70 to 79,"14,115","9,949",70.49
01/01/2016 12:00:00 AM,Central,M,80 +,"6,782","5,537",81.64
01/01/2016 12:00:00 AM,Eastern,F,20 to 29,"8,610",138,1.6
01/01/2016 12:00:00 AM,Eastern,F,30 to 39,"8,809",656,7.45
01/01/2016 12:00:00 AM,Eastern,F,40 to 49,"10,056","1,953",19.42
01/01/2016 12:00:00 AM,Eastern,F,50 to 59,"13,702","5,062",36.94
01/01/2016 12:00:00 AM,Eastern,F,60 to 69,"13,365","7,564",56.6
01/01/2016 12:00:00 AM,Eastern,F,70 to 79,"8,449","6,416",75.94
01/01/2016 12:00:00 AM,Eastern,F,80 +,"5,942","5,162",86.87
01/01/2016 12:00:00 AM,Eastern,M,20 to 29,"9,129",145,1.59
01/01/2016 12:00:00 AM,Eastern,M,30 to 39,"8,947",637,7.12
01/01/2016 12:00:00 AM,Eastern,M,40 to 49,"10,156","1,936",19.06
01/01/2016 12:00:00 AM,Eastern,M,50 to 59,"13,087","4,900",37.44
01/01/2016 12:00:00 AM,Eastern,M,60 to 69,"13,115","7,464",56.91
01/01/2016 12:00:00 AM,Eastern,M,70 to 79,"7,752","5,773",74.47
01/01/2016 12:00:00 AM,Eastern,M,80 +,"3,630","2,967",81.74
01/01/2016 12:00:00 AM,Northern,F,20 to 29,"8,318",114,1.37
01/01/2016 12:00:00 AM,Northern,F,30 to 39,"8,849",595,6.72
01/01/2016 12:00:00 AM,Northern,F,40 to 49,"10,571","1,801",17.04
01/01/2016 12:00:00 AM,Northern,F,50 to 59,"12,904","4,275",33.13
01/01/2016 12:00:00 AM,Northern,F,60 to 69,"11,839","6,467",54.62
01/01/2016 12:00:00 AM,Northern,F,70 to 79,"7,215","5,325",73.8
01/01/2016 12:00:00 AM,Northern,F,80 +,"5,161","4,428",85.8
01/01/2016 12:00:00 AM,Northern,M,20 to 29,"8,739",127,1.45
01/01/2016 12:00:00 AM,Northern,M,30 to 39,"8,711",572,6.57
01/01/2016 12:00:00 AM,Northern,M,40 to 49,"10,396","1,810",17.41
01/01/2016 12:00:00 AM,Northern,M,50 to 59,"12,533","4,508",35.97
01/01/2016 12:00:00 AM,Northern,M,60 to 69,"11,657","6,505",55.8
01/01/2016 12:00:00 AM,Northern,M,70 to 79,"6,976","5,147",73.78
01/01/2016 12:00:00 AM,Northern,M,80 +,"3,291","2,703",82.13
01/01/2016 12:00:00 AM,Unknown,F,20 to 29,"5,404",36,0.67
01/01/2016 12:00:00 AM,Unknown,F,30 to 39,"4,096",164,4
01/01/2016 12:00:00 AM,Unknown,F,40 to 49,"3,730",398,10.67
01/01/2016 12:00:00 AM,Unknown,F,50 to 59,"3,854",794,20.6
01/01/2016 12:00:00 AM,Unknown,F,60 to 69,"3,207","1,321",41.19
01/01/2016 12:00:00 AM,Unknown,F,70 to 79,"1,879","1,163",61.89
01/01/2016 12:00:00 AM,Unknown,F,80 +,"1,307",974,74.52
01/01/2016 12:00:00 AM,Unknown,M,20 to 29,"4,752",53,1.12
01/01/2016 12:00:00 AM,Unknown,M,30 to 39,"3,811",149,3.91
01/01/2016 12:00:00 AM,Unknown,M,40 to 49,"3,555",402,11.31
01/01/2016 12:00:00 AM,Unknown,M,50 to 59,"3,695",827,22.38
01/01/2016 12:00:00 AM,Unknown,M,60 to 69,"2,988","1,253",41.93
01/01/2016 12:00:00 AM,Unknown,M,70 to 79,"1,686","1,020",60.5
01/01/2016 12:00:00 AM,Unknown,M,80 +,915,593,64.81
01/01/2016 12:00:00 AM,Western,F,20 to 29,"10,550",139,1.32
01/01/2016 12:00:00 AM,Western,F,30 to 39,"11,139",693,6.22
01/01/2016 12:00:00 AM,Western,F,40 to 49,"13,250","2,147",16.2
01/01/2016 12:00:00 AM,Western,F,50 to 59,"18,168","5,651",31.1
01/01/2016 12:00:00 AM,Western,F,60 to 69,"16,967","8,637",50.9
01/01/2016 12:00:00 AM,Western,F,70 to 79,"10,957","7,811",71.29
01/01/2016 12:00:00 AM,Western,F,80 +,"7,609","6,420",84.37
01/01/2016 12:00:00 AM,Western,M,20 to 29,"10,933",139,1.27
01/01/2016 12:00:00 AM,Western,M,30 to 39,"10,703",643,6.01
01/01/2016 12:00:00 AM,Western,M,40 to 49,"12,824","2,144",16.72
01/01/2016 12:00:00 AM,Western,M,50 to 59,"17,578","5,882",33.46
01/01/2016 12:00:00 AM,Western,M,60 to 69,"16,381","8,650",52.81
01/01/2016 12:00:00 AM,Western,M,70 to 79,"10,252","7,038",68.65
01/01/2016 12:00:00 AM,Western,M,80 +,"5,161","4,073",78.92
01/01/2017 12:00:00 AM,Central,F,20 to 29,"30,800",186,0.6
01/01/2017 12:00:00 AM,Central,F,30 to 39,"33,816","1,235",3.65
01/01/2017 12:00:00 AM,Central,F,40 to 49,"32,959","3,807",11.55
01/01/2017 12:00:00 AM,Central,F,50 to 59,"35,639","9,431",26.46
01/01/2017 12:00:00 AM,Central,F,60 to 69,"28,423","13,062",45.96
01/01/2017 12:00:00 AM,Central,F,70 to 79,"17,312","11,779",68.04
01/01/2017 12:00:00 AM,Central,F,80 +,"11,033","9,219",83.56
01/01/2017 12:00:00 AM,Central,M,20 to 29,"30,861",293,0.95
01/01/2017 12:00:00 AM,Central,M,30 to 39,"32,270","1,433",4.44
01/01/2017 12:00:00 AM,Central,M,40 to 49,"31,342","3,978",12.69
01/01/2017 12:00:00 AM,Central,M,50 to 59,"34,451","9,821",28.51
01/01/2017 12:00:00 AM,Central,M,60 to 69,"26,625","13,124",49.29
01/01/2017 12:00:00 AM,Central,M,70 to 79,"15,288","10,508",68.73
01/01/2017 12:00:00 AM,Central,M,80 +,"6,998","5,635",80.52
01/01/2017 12:00:00 AM,Eastern,F,20 to 29,"8,796",112,1.27
01/01/2017 12:00:00 AM,Eastern,F,30 to 39,"8,850",562,6.35
01/01/2017 12:00:00 AM,Eastern,F,40 to 49,"10,009","1,807",18.05
01/01/2017 12:00:00 AM,Eastern,F,50 to 59,"13,312","4,695",35.27
01/01/2017 12:00:00 AM,Eastern,F,60 to 69,"13,569","7,338",54.08
01/01/2017 12:00:00 AM,Eastern,F,70 to 79,"8,984","6,693",74.5
01/01/2017 12:00:00 AM,Eastern,F,80 +,"6,016","5,184",86.17
01/01/2017 12:00:00 AM,Eastern,M,20 to 29,"9,258",124,1.34
01/01/2017 12:00:00 AM,Eastern,M,30 to 39,"9,108",578,6.35
01/01/2017 12:00:00 AM,Eastern,M,40 to 49,"10,037","1,781",17.74
01/01/2017 12:00:00 AM,Eastern,M,50 to 59,"12,883","4,560",35.4
01/01/2017 12:00:00 AM,Eastern,M,60 to 69,"13,174","7,263",55.13
01/01/2017 12:00:00 AM,Eastern,M,70 to 79,"8,214","5,950",72.44
01/01/2017 12:00:00 AM,Eastern,M,80 +,"3,781","3,090",81.72
01/01/2017 12:00:00 AM,Northern,F,20 to 29,"8,411",95,1.13
01/01/2017 12:00:00 AM,Northern,F,30 to 39,"8,922",527,5.91
01/01/2017 12:00:00 AM,Northern,F,40 to 49,"10,466","1,664",15.9
01/01/2017 12:00:00 AM,Northern,F,50 to 59,"12,756","3,980",31.2
01/01/2017 12:00:00 AM,Northern,F,60 to 69,"12,032","6,263",52.05
01/01/2017 12:00:00 AM,Northern,F,70 to 79,"7,789","5,562",71.41
01/01/2017 12:00:00 AM,Northern,F,80 +,"5,148","4,398",85.43
01/01/2017 12:00:00 AM,Northern,M,20 to 29,"8,905",106,1.19
01/01/2017 12:00:00 AM,Northern,M,30 to 39,"8,747",528,6.04
01/01/2017 12:00:00 AM,Northern,M,40 to 49,"10,358","1,655",15.98
01/01/2017 12:00:00 AM,Northern,M,50 to 59,"12,396","4,183",33.74
01/01/2017 12:00:00 AM,Northern,M,60 to 69,"11,845","6,392",53.96
01/01/2017 12:00:00 AM,Northern,M,70 to 79,"7,359","5,292",71.91
01/01/2017 12:00:00 AM,Northern,M,80 +,"3,460","2,827",81.71
01/01/2017 12:00:00 AM,Unknown,F,20 to 29,"4,386",32,0.73
01/01/2017 12:00:00 AM,Unknown,F,30 to 39,"3,602",118,3.28
01/01/2017 12:00:00 AM,Unknown,F,40 to 49,"3,334",323,9.69
01/01/2017 12:00:00 AM,Unknown,F,50 to 59,"3,482",662,19.01
01/01/2017 12:00:00 AM,Unknown,F,60 to 69,"3,031","1,171",38.63
01/01/2017 12:00:00 AM,Unknown,F,70 to 79,"1,918","1,137",59.28
01/01/2017 12:00:00 AM,Unknown,F,80 +,"1,261",914,72.48
01/01/2017 12:00:00 AM,Unknown,M,20 to 29,"3,809",34,0.89
01/01/2017 12:00:00 AM,Unknown,M,30 to 39,"3,447",119,3.45
01/01/2017 12:00:00 AM,Unknown,M,40 to 49,"3,179",337,10.6
01/01/2017 12:00:00 AM,Unknown,M,50 to 59,"3,381",691,20.44
01/01/2017 12:00:00 AM,Unknown,M,60 to 69,"2,814","1,099",39.05
01/01/2017 12:00:00 AM,Unknown,M,70 to 79,"1,724",999,57.95
01/01/2017 12:00:00 AM,Unknown,M,80 +,951,604,63.51
01/01/2017 12:00:00 AM,Western,F,20 to 29,"10,805",112,1.04
01/01/2017 12:00:00 AM,Western,F,30 to 39,"11,306",620,5.48
01/01/2017 12:00:00 AM,Western,F,40 to 49,"13,165","1,959",14.88
01/01/2017 12:00:00 AM,Western,F,50 to 59,"17,921","5,259",29.35
01/01/2017 12:00:00 AM,Western,F,60 to 69,"17,310","8,324",48.09
01/01/2017 12:00:00 AM,Western,F,70 to 79,"11,653","8,035",68.95
01/01/2017 12:00:00 AM,Western,F,80 +,"7,745","6,477",83.63
01/01/2017 12:00:00 AM,Western,M,20 to 29,"11,171",120,1.07
01/01/2017 12:00:00 AM,Western,M,30 to 39,"10,847",566,5.22
01/01/2017 12:00:00 AM,Western,M,40 to 49,"12,697","1,951",15.37
01/01/2017 12:00:00 AM,Western,M,50 to 59,"17,255","5,435",31.5
01/01/2017 12:00:00 AM,Western,M,60 to 69,"16,723","8,458",50.58
01/01/2017 12:00:00 AM,Western,M,70 to 79,"10,927","7,322",67.01
01/01/2017 12:00:00 AM,Western,M,80 +,"5,355","4,200",78.43
